{"0da41398-9560-4c17-9251-4044edd84e0c":"/resources/res-10-002s232/data.json","14c1ccb8-b423-46ac-8afc-b01e9d6f8663":"/resources/ethics_of_ai_bias_clip5_transcript_pdf/data.json","18b73dc9-c4e8-41f1-82b5-33a78ab2b3ca":"/resources/res-10-002s23-th2/data.json","1a08c94a-8bc3-44d8-a555-1db7ea4dcabd":"/resources/3631_ethics_of_ai_bias_finale_03_captions2/data.json","32015aeb-75cc-41a0-b64a-cdeebc7b216d":"/resources/ethics_of_ai_bias_clip2_mp4/data.json","4a142dcb-a3a6-42e5-b7be-fba5fc37b211":"/pages/chapterized-video/data.json","74ae1642-5607-449a-a040-53d47b0a5a16":"/resources/ethics_of_ai_bias_clip5_mp4/data.json","7976fa8f-d6e5-49ba-aa41-36f3409b01d0":"/resources/ethics_of_ai_bias_clip2_transcript_pdf/data.json","85ce4c2d-65c3-442a-aaa8-176032aca0e2":"/resources/ethics_of_ai_bias_clip2_captions_vtt/data.json","96e34e76-671f-4866-8e34-55dab91ff9f3":"/resources/ethics_of_ai_bias_clip4_captions_vtt/data.json","9f4fd1aa-9939-4e3a-a7f9-aea2eb224f9f":"/pages/video/data.json","aea94d73-64ef-4424-959b-6584ec6f7e03":"/resources/ethics_of_ai_bias_clip3_transcript_pdf/data.json","c6d099ac-81f3-4353-a1e6-0041feaec300":"/resources/ethics_of_ai_bias_clip1_mp4/data.json","cb6075b4-df50-4870-8933-ab4884921c13":"/resources/ethics_of_ai_bias_clip1_transcript_pdf/data.json","d012a0d9-cf91-48d8-83be-e4e4be6cff8a":"/resources/3631_ethics_of_ai_bias_finale_03/data.json","d37f5685-650d-43fe-a0dd-4b7500210b71":"/resources/res-10-002s23-th/data.json","d6af3e31-05a2-47b4-b04e-3be7fbe18f86":"/resources/3631_ethics_of_ai_bias_finale_03_transcript/data.json","d996bfc9-ffdf-495f-adc0-ab1645506f8b":"/resources/ethics_of_ai_bias_clip1_captions_vtt/data.json","d9d974d8-b621-483a-ad44-f39e70df8562":"/resources/ethics_of_ai_bias_clip3_captions_vtt/data.json","dd03427a-98c6-403f-8adb-a48dc7a0d197":"/resources/ethics_of_ai_bias_clip4_mp4/data.json","e0c17073-13ad-4861-841e-77f924525d75":"/resources/ethics_of_ai_bias_clip4_transcript_pdf/data.json","fc961ba7-d412-4aad-8626-7d5cbe07b8d6":"/resources/ethics_of_ai_bias_clip3_mp4/data.json","fd75fa48-3565-48dc-821b-4fef2f3f5625":"/resources/ethics_of_ai_bias_clip5_captions_vtt/data.json"}