{"00c0bcfd-0dae-62aa-223f-607ebd39a0db":"/pages/schedule-of-activities/data.json","019bc567-b1e2-764e-4c5b-3700d1a4bddf":"/pages/schedule-of-activities/tattersall-finds-symbolic-species-lettvin-finds-bug-detector/data.json","0651461f-6ff8-6923-a3b9-14b5bd8165cc":"/resources/6-803s19-th/data.json","06d46171-36f5-6b10-ce40-c7e94fa48908":"/pages/schedule-of-activities/presentations/a-message-to-garcia/data.json","0fd1fce4-e622-7f05-d117-58a07d8a416c":"/pages/course-readings/data.json","1b03f723-045e-6950-3c1a-c3de94c49623":"/resources/6-803s19-sveti-stefan/data.json","1d728160-30da-44ae-91bf-62f8a1b83ebf":"/pages/schedule-of-activities/winston-holmes-tell-a-story/data.json","1e99f70b-4e29-80f0-080d-f76e929ae9f2":"/resources/mit6_803s19_slide_example/data.json","26116dd7-9a50-1fd0-949d-b3aeb7f05033":"/resources/mit6_803s19_ajemian_slides/data.json","2a5c3934-decf-ceca-2169-651477f69920":"/pages/schedule-of-activities/marr-speaks-to-what-constitutes-good-work/data.json","34bf9baf-a2b0-ce7e-03e9-b6c60ab5c129":"/pages/schedule-of-activities/ullman-explains-visual-routines/data.json","4864188c-7847-6a40-6ad4-09784089d669":"/pages/schedule-of-activities/minsky-provides-a-problem-set/data.json","4ee5a88f-71c2-1530-8d74-0bcac7f725da":"/pages/final-project/data.json","6db94f31-1d4b-ddfc-0d27-513e8727aa1a":"/pages/schedule-of-activities/larson-grounds-symbols-in-perception/data.json","8476dba8-5e92-b1e6-b09a-74239ce1028c":"/pages/grading-marks/data.json","8d4dbc2f-45f1-af9d-b1b6-0e7a4a573ac1":"/pages/schedule-of-activities/jackendoff-grounds-out-in-trajectories/data.json","90de384d-c7de-4b76-332c-b0272f397918":"/resources/6-803_quint_template-1/data.json","95fee7d1-ffce-cdbf-0fb1-b992ee84bf9b":"/pages/schedule-of-activities/ajemian-detangles-neural-nets/data.json","9b0a73d5-674c-471b-54aa-40065538602e":"/pages/schedule-of-activities/berwick-chomsky-explain-how-we-are-different/data.json","b9da7816-a378-c9ab-58ff-fde8acdf9639":"/resources/6-803s19/data.json","baa1caee-2792-4085-76d6-cd05836ca5d2":"/pages/schedule-of-activities/tenenbaum-and-friends-salute-the-reverend-bayes-glymour-salutes-kepler/data.json","bbad3c00-71f4-1d0a-ac31-7d7b58089c39":"/resources/6-803_quad_template/data.json","bc81f38b-601b-0bcd-b2a7-29868fd8e6ef":"/pages/schedule-of-activities/borchardt-focuses-on-transitions/data.json","be3305d1-cd79-ceef-2cb4-d572cbaa0203":"/pages/schedule-of-activities/gergely-learns-from-an-infant/data.json","be97edc6-c5d1-bdab-3dc7-bc44be0c4c40":"/pages/style-guide/data.json","c33b6c87-dcb4-e062-c175-31e04dd187ca":"/resources/6-803_quint_template/data.json","dc769ccb-825b-fc12-85a2-1d6fc43c058b":"/pages/schedule-of-activities/minsky-predicts-important-role-for-perception/data.json","dd6dd280-8f29-5a66-9a1d-2e62e6a51e89":"/pages/schedule-of-activities/mcintyre-builds-contortionist/data.json","e3a6794e-19e1-eea1-8a1a-b1547f39de3b":"/pages/schedule-of-activities/spelke-explains-how-to-turn-mit-students-into-rats-fedorenko-explains-we-dont-need-language-to-think/data.json","e629bc27-940e-34a4-6037-37911fd5c1d0":"/pages/schedule-of-activities/presentations/data.json","e6383c38-1388-52a9-4eac-88c9e28c0e31":"/pages/schedule-of-activities/ajemian-detangles-neural-nets/ajemian-lecture-notes/data.json","ecc002cb-e74e-16c8-9aa1-086850feaa3e":"/resources/6-803_quad_template-1/data.json","ed1f9868-2deb-d3ae-8fcd-50fce84c1176":"/pages/schedule-of-activities/davis-and-friends-affirm-value-of-representations-brooks-denies-value-of-representations/data.json","f11d1cd8-c1e2-6993-ddbe-fa729ac42db3":"/pages/supplementary-readings/data.json","f5ac1217-d0de-e761-2f4b-2acedcc63f38":"/pages/schedule-of-activities/hinton-launches-third-wave/data.json","f5b33ce0-5532-9818-ad03-984101ab334b":"/pages/schedule-of-activities/turing-suggests-test-for-success/data.json","f5debc9f-c892-25b3-88d6-83bbddf18348":"/pages/schedule-of-activities/minsky-gets-emotional/data.json","fa363464-0657-27c0-7fed-f7ec09c2e95f":"/pages/syllabus/data.json"}