{
  "course_title":"The Human Intelligence Enterprise",
  "course_description":"This course analyzes seminal work directed at the development of a computational understanding of human intelligence, such as work on learning, language, vision, event representation, commonsense reasoning, self reflection, story understanding, and analogy. It reviews visionary ideas of Turing, Minsky, and other influential thinkers and examines the implications of work on brain scanning, developmental psychology, and cognitive psychology. There is an emphasis on discussion and analysis of original papers; students taking the graduate version complete additional exercises and a substantial term project.\n",
  "course_description_html":"This course analyzes seminal work directed at the development of a computational understanding of human intelligence, such as work on learning, language, vision, event representation, commonsense reasoning, self reflection, story understanding, and analogy. It reviews visionary ideas of Turing, Minsky, and other influential thinkers and examines the implications of work on brain scanning, developmental psychology, and cognitive psychology. There is an emphasis on discussion and analysis of original papers; students taking the graduate version complete additional exercises and a substantial term project.",
  "site_uid":"bb95081d-ad35-4202-8cc2-9d2c4849d86c",
  "legacy_uid":"8a095d0d-68d7-a24a-5ea4-c7d6aa5687d4","instructors": [{
    "first_name":"Patrick",
    "last_name":"Winston",
    "middle_initial":"Henry",
    "salutation":"",
    "title":"Patrick Henry Winston"}],"department_numbers":["6"],
  "learning_resource_types":["Written Assignments"],
  "topics":[["Engineering","Computer Science","Artificial Intelligence"],["Science","Cognitive Science"]],
  "mit_learn_topics":null,
  "primary_course_number":"6.803",
  "extra_course_numbers":"6.833",
  "term":"Spring",
  "year":"2019",
  "level":["Undergraduate"],
  "hide_download":null,
  "image_src":"./static_resources/b9da7816a378c9ab58fffde8acdf9639_6-803s19.jpg",
  "course_image_metadata":{"content_type":"resource","description":"","draft":false,"file":"/courses/6-803-the-human-intelligence-enterprise-spring-2019/b9da7816a378c9ab58fffde8acdf9639_6-803s19.jpg","file_size":24496,"file_type":"image/jpeg","image_metadata":{"caption":"Michelangelo's famous fresco of God's Creation of Adam, on the ceiling of the Sistine Chapel in Rome. (Public domain image.)","credit":"","image-alt":" A painting of a bearded man (God) touching the hand of a naked man (Adam)."},"iscjklanguage":false,"learning_resource_types":[],"license":"https://creativecommons.org/licenses/by-nc-sa/4.0/","ocw_type":"OCWImage","resourcetype":"Image","title":"6-803s19.jpg","uid":"b9da7816-a378-c9ab-58ff-fde8acdf9639"}}

