<?xml version="1.0" encoding="utf-8" standalone="yes"?>
<rss version="2.0" xmlns:atom="http://www.w3.org/2005/Atom">
  <channel>
    <title>Lecture Notes on MIT OpenCourseWare</title>
    <link>/resources/lecture-notes/</link>
    <description>Recent content in Lecture Notes on MIT OpenCourseWare</description>
    <generator>Hugo</generator>
    <language>en-us</language>
    <atom:link href="/resources/lecture-notes/index.xml" rel="self" type="application/rss+xml" />
    <item>
      <title>Common Sense Inference</title>
      <link>/resources/lec_noter_henry_2/data.json</link>
      <pubDate>Mon, 01 Jan 0001 00:00:00 +0000</pubDate>
      <guid>/resources/lec_noter_henry_2/data.json</guid>
      <description>&lt;p&gt;Lecture presentation on common sense Inference.&lt;/p&gt;</description>
    </item>
    <item>
      <title>Common Sense Reasoning for Interactive Applications</title>
      <link>/resources/lec_noter_henry_1/data.json</link>
      <pubDate>Mon, 01 Jan 0001 00:00:00 +0000</pubDate>
      <guid>/resources/lec_noter_henry_1/data.json</guid>
      <description>&lt;p&gt;Introductory lecture presentation on common sense reasoning for interactive applications.&lt;/p&gt;</description>
    </item>
    <item>
      <title>Lecture Notes</title>
      <link>/pages/lecture-notes/data.json</link>
      <pubDate>Mon, 01 Jan 0001 00:00:00 +0000</pubDate>
      <guid>/pages/lecture-notes/data.json</guid>
      <description>&lt;p&gt;Lecture Notes for Henry&amp;rsquo;s Introductory Lecture (&lt;a href=&#34;../../resources/lec_noter_henry_1/index.html&#34;&gt;PDF 3.2 MB&lt;/a&gt;)&lt;/p&gt;&#xA;&lt;p&gt;Lecture Notes for Henry&amp;rsquo;s Lecture on Common Sense Inference (&lt;a href=&#34;../../resources/lec_noter_henry_2/index.html&#34;&gt;PDF 1.9 MB&lt;/a&gt;)&lt;/p&gt;&#xA;&lt;p&gt;Erik Mueller&amp;rsquo;s Lecture on Thought Treasure (&lt;a href=&#34;../../resources/thoughts_part1/index.html&#34;&gt;PDF&lt;/a&gt;)&lt;/p&gt;</description>
    </item>
    <item>
      <title>thoughts_part1.pdf</title>
      <link>/resources/thoughts_part1/data.json</link>
      <pubDate>Mon, 01 Jan 0001 00:00:00 +0000</pubDate>
      <guid>/resources/thoughts_part1/data.json</guid>
      <description>&lt;p&gt;Lecture presentation on ThoughtTreasure a common sense knowledge base.&lt;/p&gt;</description>
    </item>
  </channel>
</rss>
