<?xml version="1.0" encoding="utf-8" standalone="yes"?>
<rss version="2.0" xmlns:atom="http://www.w3.org/2005/Atom">
  <channel>
    <title>Assignments on MIT OpenCourseWare</title>
    <link>/resources/assignments/</link>
    <description>Recent content in Assignments on MIT OpenCourseWare</description>
    <generator>Hugo</generator>
    <language>en-us</language>
    <atom:link href="/resources/assignments/index.xml" rel="self" type="application/rss+xml" />
    <item>
      <title>Assignments</title>
      <link>/pages/assignments/data.json</link>
      <pubDate>Mon, 01 Jan 0001 00:00:00 +0000</pubDate>
      <guid>/pages/assignments/data.json</guid>
      <description>&lt;p&gt;Problem sets are available below both as PDF files and text files.&lt;/p&gt;&#xA;&lt;p&gt;&lt;table&gt;&#xA;&#xA;&lt;thead&gt;&#xA;&#xA;&lt;tr&gt;&#xA;&#xA;&lt;th&gt;&#xA;&#xA;ASSN #&#xA;&lt;/th&gt;&#xA;&#xA;&lt;th&gt;&#xA;&#xA;TOPICS&#xA;&lt;/th&gt;&#xA;&#xA;&lt;th&gt;&#xA;&#xA;PROBLEM SETS&#xA;&lt;/th&gt;&#xA;&#xA;&lt;th&gt;&#xA;&#xA;SUPPORTING FILES&#xA;&lt;/th&gt;&#xA;&lt;/p&gt;&#xA;&lt;/tr&gt;&#xA;&#xA;&lt;p&gt;&lt;/thead&gt;&#xA;&#xA;&lt;tr&gt;&#xA;&#xA;&lt;td&gt;&#xA;&#xA;1&#xA;&lt;/td&gt;&#xA;&#xA;&lt;td&gt;&#xA;&#xA;Regular expressions&#xA;&lt;/td&gt;&#xA;&#xA;&lt;td&gt;&#xA;&lt;/p&gt;&#xA;&lt;p&gt;(&lt;a href=&#34;../../resources/mit6_945s09_assn01/index.html&#34;&gt;PDF&lt;/a&gt;)&lt;/p&gt;&#xA;&lt;p&gt;(&lt;a href=&#34;../../resources/assn01-1/index.html&#34;&gt;TXT&lt;/a&gt;)&lt;/p&gt;&#xA;&lt;p&gt;&lt;/td&gt;&#xA;&#xA;&lt;td&gt;&#xA;&#xA;(&lt;a href=&#34;../../resources/assn01/index.html&#34;&gt;ZIP&lt;/a&gt;) (The ZIP file contains regexp.scm and tests.txt.)&#xA;&lt;/td&gt;&#xA;&lt;/p&gt;&#xA;&lt;p&gt;&lt;/tr&gt;&#xA;&#xA;&lt;tr&gt;&#xA;&#xA;&lt;td&gt;&#xA;&#xA;2&#xA;&lt;/td&gt;&#xA;&#xA;&lt;td&gt;&#xA;&#xA;Generic operations&#xA;&lt;/td&gt;&#xA;&#xA;&lt;td&gt;&#xA;&lt;/p&gt;&#xA;&lt;p&gt;(&lt;a href=&#34;../../resources/mit6_945s09_assn02/index.html&#34;&gt;PDF&lt;/a&gt;)&lt;/p&gt;&#xA;&lt;p&gt;(&lt;a href=&#34;../../resources/assn022/index.html&#34;&gt;TXT&lt;/a&gt;)&lt;/p&gt;&#xA;&lt;p&gt;&lt;/td&gt;&#xA;&#xA;&lt;td&gt;&#xA;&#xA;(&lt;a href=&#34;../../resources/assn02/index.html&#34;&gt;ZIP&lt;/a&gt;) (The ZIP file contains 3 .scm files.)&#xA;&lt;/td&gt;&#xA;&lt;/p&gt;&#xA;&lt;p&gt;&lt;/tr&gt;&#xA;&#xA;&lt;tr&gt;&#xA;&#xA;&lt;td&gt;&#xA;&#xA;3&#xA;&lt;/td&gt;&#xA;&#xA;&lt;td&gt;&#xA;&#xA;Eval/apply interpreters&#xA;&lt;/td&gt;&#xA;&#xA;&lt;td&gt;&#xA;&lt;/p&gt;&#xA;&lt;p&gt;(&lt;a href=&#34;../../resources/mit6_945s09_assn03/index.html&#34;&gt;PDF&lt;/a&gt;)&lt;/p&gt;&#xA;&lt;p&gt;(&lt;a href=&#34;../../resources/assn03-1/index.html&#34;&gt;TXT&lt;/a&gt;)&lt;/p&gt;&#xA;&lt;p&gt;&lt;/td&gt;&#xA;&#xA;&lt;td&gt;&#xA;&#xA;(&lt;a href=&#34;../../resources/assn03/index.html&#34;&gt;ZIP&lt;/a&gt;) (The ZIP file contains 10 .scm files.)&#xA;&lt;/td&gt;&#xA;&lt;/p&gt;&#xA;&lt;p&gt;&lt;/tr&gt;&#xA;&#xA;&lt;tr&gt;&#xA;&#xA;&lt;td&gt;&#xA;&#xA;4&#xA;&lt;/td&gt;&#xA;&#xA;&lt;td&gt;&#xA;&#xA;Compiling to combinators and AMB&#xA;&lt;/td&gt;&#xA;&#xA;&lt;td&gt;&#xA;&lt;/p&gt;</description>
    </item>
    <item>
      <title>Problem Set 1</title>
      <link>/resources/assn01-1/data.json</link>
      <pubDate>Mon, 01 Jan 0001 00:00:00 +0000</pubDate>
      <guid>/resources/assn01-1/data.json</guid>
      <description>&lt;p&gt;Problem set on a regular expressions, the Scheme environment, the grep utility, nesting, optimization, and back-references.&lt;/p&gt;</description>
    </item>
    <item>
      <title>Problem Set 1</title>
      <link>/resources/mit6_945s09_assn01/data.json</link>
      <pubDate>Mon, 01 Jan 0001 00:00:00 +0000</pubDate>
      <guid>/resources/mit6_945s09_assn01/data.json</guid>
      <description>&lt;p&gt;Problem set on a regular expressions, the Scheme environment, the grep utility, nesting, optimization, and back-references.&lt;/p&gt;</description>
    </item>
    <item>
      <title>Problem Set 1: Supporting Files</title>
      <link>/resources/assn01/data.json</link>
      <pubDate>Mon, 01 Jan 0001 00:00:00 +0000</pubDate>
      <guid>/resources/assn01/data.json</guid>
      <description>&lt;p&gt;Supporting files for a problem set on a regular expressions, the Scheme environment, the grep utility, nesting, optimization, and back-references.&lt;/p&gt;</description>
    </item>
    <item>
      <title>Problem Set 2</title>
      <link>/resources/assn022/data.json</link>
      <pubDate>Mon, 01 Jan 0001 00:00:00 +0000</pubDate>
      <guid>/resources/assn022/data.json</guid>
      <description>&lt;p&gt;Problem set on methods for implementing and exploiting generic sequence operations.&lt;/p&gt;</description>
    </item>
    <item>
      <title>Problem Set 2</title>
      <link>/resources/mit6_945s09_assn02/data.json</link>
      <pubDate>Mon, 01 Jan 0001 00:00:00 +0000</pubDate>
      <guid>/resources/mit6_945s09_assn02/data.json</guid>
      <description>&lt;p&gt;Problem set on methods for implementing and exploiting generic sequence operations.&lt;/p&gt;</description>
    </item>
    <item>
      <title>Problem Set 2: Supporting Files</title>
      <link>/resources/assn02/data.json</link>
      <pubDate>Mon, 01 Jan 0001 00:00:00 +0000</pubDate>
      <guid>/resources/assn02/data.json</guid>
      <description>&lt;p&gt;Supporting files for a problem set on methods for implementing and exploiting generic sequence operations.&lt;/p&gt;</description>
    </item>
    <item>
      <title>Problem Set 3</title>
      <link>/resources/assn03-1/data.json</link>
      <pubDate>Mon, 01 Jan 0001 00:00:00 +0000</pubDate>
      <guid>/resources/assn03-1/data.json</guid>
      <description>&lt;p&gt;Problem set on an evaluator system for an extended version of Scheme, using the generic interpreter, unbound-variable handling, strict and non-strict arguments, and streams.&lt;/p&gt;</description>
    </item>
    <item>
      <title>Problem Set 3</title>
      <link>/resources/mit6_945s09_assn03/data.json</link>
      <pubDate>Mon, 01 Jan 0001 00:00:00 +0000</pubDate>
      <guid>/resources/mit6_945s09_assn03/data.json</guid>
      <description>&lt;p&gt;Problem set on an evaluator system for an extended version of Scheme, using the generic interpreter, unbound-variable handling, strict and non-strict arguments, and streams.&lt;/p&gt;</description>
    </item>
    <item>
      <title>Problem Set 3: Supporting Files</title>
      <link>/resources/assn03/data.json</link>
      <pubDate>Mon, 01 Jan 0001 00:00:00 +0000</pubDate>
      <guid>/resources/assn03/data.json</guid>
      <description>&lt;p&gt;Supporting file for a problem set on an evaluator system for an extended version of Scheme, using the generic interpreter, unbound-variable handling, strict and non-strict arguments, and streams. (The ZIP file contains 10 .scm files.)&lt;/p&gt;</description>
    </item>
    <item>
      <title>Problem Set 4</title>
      <link>/resources/assn04-1/data.json</link>
      <pubDate>Mon, 01 Jan 0001 00:00:00 +0000</pubDate>
      <guid>/resources/assn04-1/data.json</guid>
      <description>&lt;p&gt;Problem set on heavy evaluator hacking, separating syntactic analysis from execution, infix notation, AMB, and nondeterministic programming.&lt;/p&gt;</description>
    </item>
    <item>
      <title>Problem Set 4</title>
      <link>/resources/mit6_945s09_assn04/data.json</link>
      <pubDate>Mon, 01 Jan 0001 00:00:00 +0000</pubDate>
      <guid>/resources/mit6_945s09_assn04/data.json</guid>
      <description>&lt;p&gt;Problem set on heavy evaluator hacking, separating syntactic analysis from execution, infix notation, AMB, and nondeterministic programming.&lt;/p&gt;</description>
    </item>
    <item>
      <title>Problem Set 4</title>
      <link>/resources/mit6_945s09_assn06/data.json</link>
      <pubDate>Mon, 01 Jan 0001 00:00:00 +0000</pubDate>
      <guid>/resources/mit6_945s09_assn06/data.json</guid>
      <description>&lt;p&gt;Problem set on extending a pattern matching system to build a primitive algebraic simplifier, based on pattern matching and instantiation.&lt;/p&gt;</description>
    </item>
    <item>
      <title>Problem Set 4: Supporting Files</title>
      <link>/resources/assn04/data.json</link>
      <pubDate>Mon, 01 Jan 0001 00:00:00 +0000</pubDate>
      <guid>/resources/assn04/data.json</guid>
      <description>&lt;p&gt;Supporting files for a problem set on heavy evaluator hacking, separating syntactic analysis from execution, infix notation, AMB, and nondeterministic programming.&lt;/p&gt;</description>
    </item>
    <item>
      <title>Problem Set 4: Supporting Files</title>
      <link>/resources/assn06/data.json</link>
      <pubDate>Mon, 01 Jan 0001 00:00:00 +0000</pubDate>
      <guid>/resources/assn06/data.json</guid>
      <description>&lt;p&gt;Supporting files for a problem set on extending a pattern matching system to build a primitive algebraic simplifier, based on pattern matching and instantiation.&lt;/p&gt;</description>
    </item>
    <item>
      <title>Problem Set 5</title>
      <link>/resources/assn052/data.json</link>
      <pubDate>Mon, 01 Jan 0001 00:00:00 +0000</pubDate>
      <guid>/resources/assn052/data.json</guid>
      <description>&lt;p&gt;Problem set on pattern matching and instantiation, a language of patterns, design of the matcher, using match combinators, the quasiquote mechanism built into Scheme, choice operators, naming, and anonymity.&lt;/p&gt;</description>
    </item>
    <item>
      <title>Problem Set 5</title>
      <link>/resources/assn06-1/data.json</link>
      <pubDate>Mon, 01 Jan 0001 00:00:00 +0000</pubDate>
      <guid>/resources/assn06-1/data.json</guid>
      <description>&lt;p&gt;Problem set on pattern matching and instantiation, a language of patterns, design of the matcher, using match combinators, the quasiquote mechanism built into Scheme, choice operators, naming, and anonymity.&lt;/p&gt;</description>
    </item>
    <item>
      <title>Problem Set 5</title>
      <link>/resources/mit6_945s09_assn05/data.json</link>
      <pubDate>Mon, 01 Jan 0001 00:00:00 +0000</pubDate>
      <guid>/resources/mit6_945s09_assn05/data.json</guid>
      <description>&lt;p&gt;Problem set on pattern matching and instantiation, a language of patterns, design of the matcher, using match combinators, the quasiquote mechanism built into Scheme, choice operators, naming, and anonymity.&lt;/p&gt;</description>
    </item>
    <item>
      <title>Problem Set 5: Supporting Files</title>
      <link>/resources/assn05/data.json</link>
      <pubDate>Mon, 01 Jan 0001 00:00:00 +0000</pubDate>
      <guid>/resources/assn05/data.json</guid>
      <description>&lt;p&gt;Supporting files for a problem set on pattern matching and instantiation, a language of patterns, design of the matcher, using match combinators, the quasiquote mechanism built into Scheme, choice operators, naming, and anonymity.&lt;/p&gt;</description>
    </item>
    <item>
      <title>Problem Set 7</title>
      <link>/resources/assn07-1/data.json</link>
      <pubDate>Mon, 01 Jan 0001 00:00:00 +0000</pubDate>
      <guid>/resources/assn07-1/data.json</guid>
      <description>&lt;p&gt;Problem set on the generate and test technique, backtracking mechanisms, linguistically implicit search, continuations, continuations as non-local exits, continuations for backtracking, continuations and dynamic contexts, dynamic contexts and within-continuation, AMB, depth-first and breadth-first, and less deterministic non-determinism.&lt;/p&gt;</description>
    </item>
    <item>
      <title>Problem Set 7</title>
      <link>/resources/mit6_945s09_assn07/data.json</link>
      <pubDate>Mon, 01 Jan 0001 00:00:00 +0000</pubDate>
      <guid>/resources/mit6_945s09_assn07/data.json</guid>
      <description>&lt;p&gt;Problem set on the generate and test technique, backtracking mechanisms, linguistically implicit search, continuations, continuations as non-local exits, continuations for backtracking, continuations and dynamic contexts, dynamic contexts and within-continuation, AMB, depth-first and breadth-first, and less deterministic non-determinism.&lt;/p&gt;</description>
    </item>
    <item>
      <title>Problem Set 7: Supporting Files</title>
      <link>/resources/assn07/data.json</link>
      <pubDate>Mon, 01 Jan 0001 00:00:00 +0000</pubDate>
      <guid>/resources/assn07/data.json</guid>
      <description>&lt;p&gt;Supporting files for a problem set on the generate and test technique, backtracking mechanisms, linguistically implicit search, continuations, continuations as non-local exits, continuations for backtracking, continuations and dynamic contexts, dynamic contexts and within-continuation, AMB, depth-first and breadth-first, and less deterministic non-determinism.&lt;/p&gt;</description>
    </item>
    <item>
      <title>Problem Set 8</title>
      <link>/resources/assn082/data.json</link>
      <pubDate>Mon, 01 Jan 0001 00:00:00 +0000</pubDate>
      <guid>/resources/assn082/data.json</guid>
      <description>&lt;p&gt;Problem set on control structures, solving the classic &amp;ldquo;same fringe&amp;rdquo; problem, and communication among threads.&lt;/p&gt;</description>
    </item>
    <item>
      <title>Problem Set 8</title>
      <link>/resources/mit6_945s09_assn08/data.json</link>
      <pubDate>Mon, 01 Jan 0001 00:00:00 +0000</pubDate>
      <guid>/resources/mit6_945s09_assn08/data.json</guid>
      <description>&lt;p&gt;Problem set on control structures, solving the classic &amp;ldquo;same fringe&amp;rdquo; problem, and communication among threads.&lt;/p&gt;</description>
    </item>
    <item>
      <title>Problem Set 8: Supporting Files</title>
      <link>/resources/assn08/data.json</link>
      <pubDate>Mon, 01 Jan 0001 00:00:00 +0000</pubDate>
      <guid>/resources/assn08/data.json</guid>
      <description>&lt;p&gt;Supporting files for a problem set on control structures, solving the classic &amp;ldquo;same fringe&amp;rdquo; problem, and communication among threads.&lt;/p&gt;</description>
    </item>
  </channel>
</rss>
