<?xml version="1.0" encoding="utf-8" standalone="yes"?>
<rss version="2.0" xmlns:atom="http://www.w3.org/2005/Atom">
  <channel>
    <title>Projects on MIT OpenCourseWare</title>
    <link>/resources/projects/</link>
    <description>Recent content in Projects on MIT OpenCourseWare</description>
    <generator>Hugo</generator>
    <language>en-us</language>
    <atom:link href="/resources/projects/index.xml" rel="self" type="application/rss+xml" />
    <item>
      <title>Projects</title>
      <link>/pages/projects/data.json</link>
      <pubDate>Mon, 01 Jan 0001 00:00:00 +0000</pubDate>
      <guid>/pages/projects/data.json</guid>
      <description>&lt;h3 id=&#34;overview&#34;&gt;Overview&lt;/h3&gt;&#xA;&#xA;&lt;p&gt;As advertised in the syllabus, you will do a significant term project for 6.945. You should form teams of two or three to work on a project. The project will be due near the end of the term.&lt;/p&gt;&#xA;&lt;p&gt;In your project you will construct a substantial piece of software that illustrates some of the ideas we have examined in this subject.&lt;/p&gt;&#xA;&lt;p&gt;Your system should address an interesting class of related problems, by building a library of pin-compatible mix-and-match pieces that can be assembled in a variety of ways to cover your intended domain. The main consideration is that incremental changes to the specification of your problem should require only small changes to the construction of a solution.&lt;/p&gt;</description>
    </item>
  </channel>
</rss>
