{
  "title":"Ethics_of_AI_Bias_clip5.mp4",
  "description": null,
  "file": "/courses/res-10-002-ethics-of-ai-bias-spring-2023/ethics_of_ai_bias_clip5_360p_16_9.mp4",
  "learning_resource_types": ["Other Video"],
  "resource_type": "Video",
  "file_type": "video/mp4",
  "youtube_key":  "7ReT81XnaXU",
  "captions_file": "/courses/res-10-002-ethics-of-ai-bias-spring-2023/ethics_of_ai_bias_clip5_captions.vtt",
  "transcript_file": "/courses/res-10-002-ethics-of-ai-bias-spring-2023/ethics_of_ai_bias_clip5_transcript.pdf",
  "thumbnail_file": "https://img.youtube.com/vi/7ReT81XnaXU/default.jpg",
  "archive_url": ""}
