<?xml version="1.0" encoding="utf-8" standalone="yes"?>
<rss version="2.0" xmlns:atom="http://www.w3.org/2005/Atom">
  <channel>
    <title>Readings on MIT OpenCourseWare</title>
    <link>/resources/readings/</link>
    <description>Recent content in Readings on MIT OpenCourseWare</description>
    <generator>Hugo</generator>
    <language>en-us</language>
    <atom:link href="/resources/readings/index.xml" rel="self" type="application/rss+xml" />
    <item>
      <title>Readings</title>
      <link>/pages/readings/data.json</link>
      <pubDate>Mon, 01 Jan 0001 00:00:00 +0000</pubDate>
      <guid>/pages/readings/data.json</guid>
      <description>&lt;p&gt;HST.947 students are expected to complete all readings for 6.034. The Chapter readings assigned for lecture sessions (L) come from the course &lt;a href=&#34;../../pages/lecture-notes/index.html&#34;&gt;lecture notes&lt;/a&gt;. Additonal readings are assigned for the weekly discussion sessions (D) as listed in the table.&lt;/p&gt;&#xA;&lt;p&gt;&lt;table&gt;&#xA;&#xA;&lt;thead&gt;&#xA;&#xA;&lt;tr&gt;&#xA;&#xA;&lt;th&gt;&#xA;&#xA;SES #&#xA;&lt;/th&gt;&#xA;&#xA;&lt;th&gt;&#xA;&#xA;TOPICS&#xA;&lt;/th&gt;&#xA;&#xA;&lt;th&gt;&#xA;&#xA;READINGS&#xA;&lt;/th&gt;&#xA;&lt;/p&gt;&#xA;&lt;/tr&gt;&#xA;&#xA;&lt;p&gt;&lt;/thead&gt;&#xA;&#xA;&lt;tr&gt;&#xA;&#xA;&lt;td&gt;&#xA;&lt;/p&gt;&#xA;&lt;p&gt;D1&lt;/p&gt;&#xA;&lt;p&gt;&lt;/td&gt;&#xA;&#xA;&lt;td&gt;&#xA;&lt;/p&gt;&#xA;&lt;p&gt;Organizational Meeting&lt;/p&gt;&#xA;&lt;p&gt;&lt;/td&gt;&#xA;&#xA;&lt;td&gt;&#xA;&lt;/p&gt;&#xA;&lt;/td&gt;&#xA;&#xA;&lt;p&gt;&lt;/tr&gt;&#xA;&#xA;&lt;tr&gt;&#xA;&#xA;&lt;td&gt;&#xA;&lt;/p&gt;&#xA;&lt;p&gt;L1&lt;/p&gt;&#xA;&lt;p&gt;&lt;/td&gt;&#xA;&#xA;&lt;td&gt;&#xA;&lt;/p&gt;&#xA;&lt;p&gt;Introduction&lt;/p&gt;&#xA;&lt;p&gt;&lt;/td&gt;&#xA;&#xA;&lt;td&gt;&#xA;&lt;/p&gt;&#xA;&lt;p&gt;Chapter 1&lt;/p&gt;&#xA;&lt;/td&gt;&#xA;&#xA;&lt;p&gt;&lt;/tr&gt;&#xA;&#xA;&lt;tr&gt;&#xA;&#xA;&lt;td&gt;&#xA;&lt;/p&gt;&#xA;&lt;p&gt;R1&lt;/p&gt;&#xA;&lt;p&gt;&lt;/td&gt;&#xA;&#xA;&lt;td&gt;&#xA;&lt;/p&gt;&#xA;&lt;p&gt;Scheme Review and Matching&lt;/p&gt;&#xA;&lt;p&gt;&lt;/td&gt;&#xA;&#xA;&lt;td&gt;&#xA;&lt;/p&gt;&#xA;&lt;/td&gt;&#xA;&#xA;&lt;p&gt;&lt;/tr&gt;&#xA;&#xA;&lt;tr&gt;&#xA;&#xA;&lt;td&gt;&#xA;&lt;/p&gt;&#xA;&lt;p&gt;L2&lt;/p&gt;&#xA;&lt;p&gt;&lt;/td&gt;&#xA;&#xA;&lt;td&gt;&#xA;&lt;/p&gt;&#xA;&lt;p&gt;Search&lt;/p&gt;&#xA;&lt;p&gt;&lt;/td&gt;&#xA;&#xA;&lt;td&gt;&#xA;&lt;/p&gt;&#xA;&lt;p&gt;Chapter 3 (Sec 3.1-3.5)&lt;/p&gt;</description>
    </item>
  </channel>
</rss>
