{
  "title":"Ethics of AI Bias (full video)",
  "description": null,
  "file": "/courses/res-10-002-ethics-of-ai-bias-spring-2023/3631_ethics_of_ai_bias_finale_03_360p_16_9.mp4",
  "learning_resource_types": ["Other Video"],
  "resource_type": "Video",
  "file_type": "video/mp4",
  "youtube_key":  "NgaW_p7gsRc",
  "captions_file": "/courses/res-10-002-ethics-of-ai-bias-spring-2023/1Jv25FTNtzwKJmOPRBW0FmARV2i9765TG_transcript.webvtt",
  "transcript_file": "/courses/res-10-002-ethics-of-ai-bias-spring-2023/1Jv25FTNtzwKJmOPRBW0FmARV2i9765TG_transcript.pdf",
  "thumbnail_file": "https://img.youtube.com/vi/NgaW_p7gsRc/default.jpg",
  "archive_url": null}
