{
  "title":"Problem Set 7",
  "description": "Problem set on the generate and test technique, backtracking mechanisms, linguistically implicit search, continuations, continuations as non-local exits, continuations for backtracking, continuations and dynamic contexts, dynamic contexts and within-continuation, AMB, depth-first and breadth-first, and less deterministic non-determinism.",
  "file": "/courses/6-945-adventures-in-advanced-symbolic-programming-spring-2009/bc96749c3d306f10011747d8f0421080_MIT6_945s09_assn07.pdf",
  "learning_resource_types": ["Assignments"],
  "resource_type": "Document",
  "file_type": "application/pdf"}
