{
  "title":"Logo of MIT/GNU Scheme",
  "description": "MIT/GNU Scheme logo. (Image courtesy of Harold Abelson and Gerald Sussman.)",
  "file": "/courses/6-945-adventures-in-advanced-symbolic-programming-spring-2009/740535e1c06e4c4127f5efc4a3bffde1_6-945s09-th.jpg",
  "learning_resource_types": [],
  "resource_type": "Image",
  "file_type": "image/jpeg",
  "image_metadata": {"caption":"MIT/GNU Scheme logo. (Image courtesy of Harold Abelson and Gerald Sussman.)","credit":"","image-alt":"Logo of MIT/GNU Scheme, the programming language used in this course, showing successively smaller versions of a shield containing a smaller shield, etc."}}
