{
    "width" : 500,
    "height" : 500,
    "path": [
        [
            50, 
            350
        ],
        [
            250,
            400
        ],
        [
            450,
            350
        ],
        [
            450,
            100
        ], 
        [
            250,
            50
        ], 
        [
            50,
            100
        ]
    ], 
    "landmarks": [
        [
            "lake", 
            [
                [
                    100, 
                    200
                ], 
                [
                    250, 
                    150
                ], 
                [
                    400, 
                    200
                ], 
                [
                    400, 
                    300
                ], 
                [
                    100, 
                    300
                ]
            ]
        ],
        [
            "house", 
            [
                [
                    200, 
                    320
                ], 
                [
                    270, 
                    320
                ], 
                [
                    270, 
                    370
                ], 
                [
                    200, 
                    350
                ]
            ]
        ],
        [
            "tree", 
            [
                [
                    320, 
                    150
                ], 
                [
                    320, 
                    110
                ], 
                [
                    360, 
                    110
                ], 
                [
                    360, 
                    150
                ]
            ]
        ],
        [
            "tree", 
            [
                [
                    140, 
                    150
                ], 
                [
                    140, 
                    110
                ], 
                [
                    180, 
                    110
                ], 
                [
                    180, 
                    150
                ]
            ]
        ],
        [
            "tree", 
            [
                [
                    30, 
                    430
                ], 
                [
                    30, 
                    470
                ], 
                [
                    70, 
                    470
                ], 
                [
                    70, 
                    430
                ]
            ]
        ],
        [
            "tree", 
            [
                [
                    330, 
                    430
                ], 
                [
                    330, 
                    470
                ], 
                [
                    370, 
                    470
                ], 
                [
                    370, 
                    430
                ]
            ]
        ]
    ], 
    "robot_pose": {
        "y": 50, 
        "x": 50, 
        "theta": 1.5707963267948966
    }
}