{
    "width": 550, 
    "landmarks": [
        [
            "house", 
            [
                [
                    100, 
                    100
                ], 
                [
                    250, 
                    100
                ], 
                [
                    250, 
                    200
                ], 
                [
                    100, 
                    200
                ]
            ]
        ], 
        [
            "house", 
            [
                [
                    350, 
                    200
                ], 
                [
                    425, 
                    200
                ], 
                [
                    425, 
                    300
                ], 
                [
                    350, 
                    300
                ]
            ]
        ], 
        [
            "tree", 
            [
                [
                    200, 
                    300
                ], 
                [
                    250, 
                    300
                ], 
                [
                    250, 
                    350
                ], 
                [
                    200, 
                    350
                ]
            ]
        ]
    ], 
    "path": [
        [
            50, 
            50
        ], 
        [
            50, 
            250
        ], 
        [
            300, 
            250
        ], 
        [
            300, 
            350
        ], 
        [
            500, 
            350
        ], 
        [
            500, 
            50
        ]
    ], 
    "robot_pose": {
        "y": 50, 
        "x": 50, 
        "theta": 0.7853981633974483
    }, 
    "height": 400
}