{
  "title":"hst-947s05.jpg",
  "description": "For their term project, several students explored knowledge acquisition and maintenance principles by reconstructing the popular QMR/Internist I diagnostic consultant tool for general internal medicine. (Courtesy of Jaime Chang, Mark Meyer, and Manu Sondhi. Used with permission.)",
  "file": "/courses/hst-947-medical-artificial-intelligence-spring-2005/f70ee0f1c53625851ffc57f215cc120c_hst-947s05.jpg",
  "learning_resource_types": [],
  "resource_type": "Image",
  "file_type": "image/jpeg",
  "image_metadata": {"caption":"For their term project, several students explored knowledge acquisition and maintenance principles by reconstructing the popular QMR/Internist I diagnostic consultant tool for general internal medicine. (Courtesy of Jaime Chang, Mark Meyer, and Manu Sondhi. Used with permission.)","credit":"","image-alt":"A screenshot of a computer medical diagnotic tool."}}
