{
  "title":"qmr.pdf",
  "description": "This resource includes a sample term paper submitted by the students on the following topics: Using Ontologies for QMR/Internist I, Updating the QMR Knowledge Base, and Incorporating Temporal and Geographic Trends, Genetic Testing, UMLS and Standard Vocabularies in QMR.",
  "file": "/courses/hst-947-medical-artificial-intelligence-spring-2005/d5023f7cc3b14269f89547b12d2089a6_qmr.pdf",
  "learning_resource_types": ["Projects"],
  "resource_type": "Document",
  "file_type": "application/pdf"}
