{"0fbb4653-f3e9-c776-5ea5-8aed63332c14":"/pages/projects/data.json","191f94f4-de89-3d17-c704-a2fd6f0d0e54":"/pages/readings/data.json","1cc53c8a-eee4-f848-8c50-80859b11beb0":"/pages/syllabus/data.json","2d653004-ccd4-a0b8-b418-01e37fba8122":"/resources/assn052/data.json","2e4de0d5-0167-60e7-f9a7-74cec186dcc9":"/resources/assn01-1/data.json","2e8b09a5-53dc-492b-24d7-ddcd27aa64c5":"/resources/assn022/data.json","2eae6e77-7cec-f833-26eb-b03dc75475d3":"/resources/mit6_945s09_assn03/data.json","328b2b94-270d-744d-600b-ca5e1de2625f":"/resources/assn02/data.json","3ed699ac-3a85-4f61-0f7a-7a73b495a59f":"/resources/assn08/data.json","460c1047-9d91-c674-7b79-0cb3927a68d4":"/resources/assn01/data.json","4b78dc31-d362-9afe-845d-1ef3d1430c3b":"/resources/assn06/data.json","59ff71e9-85eb-4d2e-d665-daf863932dda":"/resources/assn04/data.json","62688fea-0334-c020-39de-28f974924143":"/pages/assignments/data.json","740535e1-c06e-4c41-27f5-efc4a3bffde1":"/resources/6-945s09-th/data.json","84a50021-8b9b-fac9-e096-df05faf2abb0":"/resources/mit6_945s09_assn01/data.json","970d84cf-d251-6636-aac8-bcfb2c377143":"/pages/calendar/data.json","97aff9fd-4eab-1a34-d6bc-01d344e7b48f":"/resources/assn082/data.json","9d14241e-91dd-4093-b3c0-72c41ea6e1fc":"/resources/assn05/data.json","a7d1d607-6ccf-a953-1f84-8baea97a23ef":"/resources/mit6_945s09_assn08/data.json","a7f40266-ddde-b2ec-8b09-f9bb41b13acc":"/resources/mit6_945s09_assn02/data.json","b426caf7-69f8-3dc1-2c1d-907c617c074d":"/resources/assn06-1/data.json","ba2383f4-865f-0ee0-7d72-251306da6d4f":"/resources/mit6_945s09_assn04/data.json","bc96749c-3d30-6f10-0117-47d8f0421080":"/resources/mit6_945s09_assn07/data.json","c05d509e-6191-5fb2-0eee-052a57ccc586":"/resources/6-945s09/data.json","c50f1290-50af-c4c6-4904-c939f9b9e364":"/resources/mit6_945s09_assn05/data.json","c5e35bcc-02bd-d6b1-4ca0-123d939a02a9":"/resources/mit6_945s09_read01_robust/data.json","c9d34f99-ed32-4148-6b39-216c8f0fe5be":"/resources/assn07/data.json","cf0915cf-ce8d-7e39-de04-b9bc1ab851d3":"/resources/assn04-1/data.json","dc75f349-4bda-6a05-1cd9-9a0d79c52bb1":"/resources/mit6_945s09_assn06/data.json","e0922717-b9c2-6e0b-1582-1e1bbec989bc":"/resources/mit6_945s09_read02_parallel/data.json","e5b016a2-20f0-22af-624d-2ae3793adb0c":"/resources/assn03-1/data.json","ecc80139-2186-2ecb-fd89-337cd887e59d":"/resources/assn03/data.json","f220cc75-0a98-b715-1352-bab752b86d0e":"/resources/assn07-1/data.json"}