{
  "course_title":"Adventures in Advanced Symbolic Programming",
  "course_description":"This course covers concepts and techniques for the design and implementation of large software systems that can be adapted to uses not anticipated by the designer. Applications include compilers, computer-algebra systems, deductive systems, and some artificial intelligence applications. Topics include combinators, generic operations, pattern matching, pattern-directed invocation, rule systems, backtracking, dependencies, indeterminacy, memoization, constraint propagation, and incremental refinement. Substantial weekly programming assignments are an integral part of the subject.\n\nThere will be extensive programming assignments, using [MIT/GNU Scheme](http://www.gnu.org/software/mit-scheme/). Students should have significant programming experience in Scheme, Common Lisp, Haskell, CAML or some other \"functional\" language.\n",
  "course_description_html":"<p>This course covers concepts and techniques for the design and implementation of large software systems that can be adapted to uses not anticipated by the designer. Applications include compilers, computer-algebra systems, deductive systems, and some artificial intelligence applications. Topics include combinators, generic operations, pattern matching, pattern-directed invocation, rule systems, backtracking, dependencies, indeterminacy, memoization, constraint propagation, and incremental refinement. Substantial weekly programming assignments are an integral part of the subject.</p>\n<p>There will be extensive programming assignments, using <a href=\"http://www.gnu.org/software/mit-scheme/\" target=\"_blank\" rel=\"noopener\">MIT/GNU Scheme</a>. Students should have significant programming experience in Scheme, Common Lisp, Haskell, CAML or some other &ldquo;functional&rdquo; language.</p>\n",
  "site_uid":"53c0bb85-fd55-4c4d-adc7-3ba457a3c451",
  "legacy_uid":"9b4a7f33-bb64-8b49-7478-d97bab91306b","instructors": [{
    "first_name":"Gerald",
    "last_name":"Sussman",
    "middle_initial":"",
    "salutation":"Prof.",
    "title":"Prof. Gerald Sussman"}],"department_numbers":["6"],
  "learning_resource_types":["Problem Sets","Projects"],
  "topics":[["Engineering","Computer Science","Programming Languages"],["Engineering","Computer Science","Software Design and Engineering"],["Engineering","Computer Science","Artificial Intelligence"]],
  "mit_learn_topics":null,
  "primary_course_number":"6.945",
  "extra_course_numbers":"",
  "term":"Spring",
  "year":"2009",
  "level":["Graduate"],
  "hide_download":null,
  "image_src":"./static_resources/c05d509e61915fb20eee052a57ccc586_6-945s09.jpg",
  "course_image_metadata":{"content_type":"resource","description":"MIT/GNU Scheme logo. (Image courtesy of Harold Abelson and Gerald Sussman.)","draft":false,"file":"/courses/6-945-adventures-in-advanced-symbolic-programming-spring-2009/c05d509e61915fb20eee052a57ccc586_6-945s09.jpg","file_size":29390,"file_type":"image/jpeg","image_metadata":{"caption":"MIT/GNU Scheme logo. (Image courtesy of Harold Abelson and Gerald Sussman.)","credit":"","image-alt":"Logo of MIT/GNU Scheme, the programming language used in this course, showing successively smaller versions of a shield containing a smaller shield, etc."},"iscjklanguage":false,"learning_resource_types":[],"license":"https://creativecommons.org/licenses/by-nc-sa/4.0/","ocw_type":"OCWImage","resourcetype":"Image","title":"Logo of MIT/GNU Scheme","uid":"c05d509e-6191-5fb2-0eee-052a57ccc586","video_files":{"video_thumbnail_file":null},"video_metadata":{"youtube_id":null}}}

