<?xml version="1.0" encoding="utf-8" standalone="yes"?>
<rss version="2.0" xmlns:atom="http://www.w3.org/2005/Atom">
  <channel>
    <title>Projects on MIT OpenCourseWare</title>
    <link>/resources/projects/</link>
    <description>Recent content in Projects on MIT OpenCourseWare</description>
    <generator>Hugo</generator>
    <language>en-us</language>
    <atom:link href="/resources/projects/index.xml" rel="self" type="application/rss+xml" />
    <item>
      <title>anemias_tutoring.pdf</title>
      <link>/resources/anemias_tutoring/data.json</link>
      <pubDate>Mon, 01 Jan 0001 00:00:00 +0000</pubDate>
      <guid>/resources/anemias_tutoring/data.json</guid>
      <description>&lt;p&gt;This resource includes a sample of final term paper submitted by the student on the topic: Potential Use of a Causal Bayesian Network to Support Both Clinical and Pathophysiology Tutoring in an Intelligent Tutoring System for Anemias.&lt;/p&gt;</description>
    </item>
    <item>
      <title>Projects</title>
      <link>/pages/projects/data.json</link>
      <pubDate>Mon, 01 Jan 0001 00:00:00 +0000</pubDate>
      <guid>/pages/projects/data.json</guid>
      <description>&lt;p&gt;Students produce a final term paper at the end of the semester. Following are two example term papers, presented courtesy of the student authors and used with permission.&lt;/p&gt;&#xA;&lt;p&gt;Blechner, Michael D. &amp;ldquo;Potential Use of a Causal Bayesian Network to Support Both Clinical and Pathophysiology Tutoring in an Intelligent Tutoring System for Anemias.&amp;rdquo; (&lt;a href=&#34;../../resources/anemias_tutoring/index.html&#34;&gt;PDF&lt;/a&gt;)&lt;/p&gt;&#xA;&lt;p&gt;Chang, Jaime, Mark Meyer, and Manu Sondhi. &amp;ldquo;Updating QMR in 2005: Techniques for updating and maintaining a medical artificial intelligence knowledge base.&amp;rdquo; (&lt;a href=&#34;../../resources/qmr/index.html&#34;&gt;PDF&lt;/a&gt;)&lt;/p&gt;</description>
    </item>
    <item>
      <title>qmr.pdf</title>
      <link>/resources/qmr/data.json</link>
      <pubDate>Mon, 01 Jan 0001 00:00:00 +0000</pubDate>
      <guid>/resources/qmr/data.json</guid>
      <description>&lt;p&gt;This resource includes a sample term paper submitted by the students on the following topics: Using Ontologies for QMR/Internist I, Updating the QMR Knowledge Base, and Incorporating Temporal and Geographic Trends, Genetic Testing, UMLS and Standard Vocabularies in QMR.&lt;/p&gt;</description>
    </item>
    <item>
      <title>risk_cardiology.pdf</title>
      <link>/resources/risk_cardiology/data.json</link>
      <pubDate>Mon, 01 Jan 0001 00:00:00 +0000</pubDate>
      <guid>/resources/risk_cardiology/data.json</guid>
      <description>&lt;p&gt;This resource includes a sample final term paper submitted by the student on the topic: Evaluation of Support Vector Machine Risk Modeling over Time in Interventional Cardiology.&lt;/p&gt;</description>
    </item>
  </channel>
</rss>
