{
  "title":"Student Project",
  "description": "Image from a student project. (Image courtesy of Joan Morris-DiMico, Carla Gomez, Roger Sipitakiat, and Luke Ouko.)",
  "file": "/courses/mas-964-common-sense-reasoning-for-interactive-applications-fall-2002/d272274cd5f7e5ac5f1d806e41420678_mas-964f02.jpg",
  "learning_resource_types": [],
  "resource_type": "Image",
  "file_type": "image/jpeg",
  "image_metadata": {"caption":"Image from a student project. (Image courtesy of Joan Morris-DiMico, Carla Gomez, Roger Sipitakiat, and Luke Ouko.)","credit":"","image-alt":"Image of a computer screen from a student project showing four different activities at once."}}
