{
  "title":"Problem Set 5: Supporting Files",
  "description": "Supporting files for a problem set on pattern matching and instantiation, a language of patterns, design of the matcher, using match combinators, the quasiquote mechanism built into Scheme, choice operators, naming, and anonymity.",
  "file": "/courses/6-945-adventures-in-advanced-symbolic-programming-spring-2009/9d14241e91dd4093b3c072c41ea6e1fc_assn05.zip",
  "learning_resource_types": ["Assignments"],
  "resource_type": "Other",
  "file_type": "application/zip"}
