{
  "title":"Sveti Stefan",
  "description": "",
  "file": "/courses/6-803-the-human-intelligence-enterprise-spring-2019/1b03f723045e69503c1ac3de94c49623_6-803s19-sveti-stefan.jpg",
  "learning_resource_types": [],
  "resource_type": "Image",
  "file_type": "image/jpeg",
  "image_metadata": {"caption":"The medieval town of Sveti Stefan in Montenegro","credit":"Image courtesy of [Michael Jackson](https://www.flickr.com/photos/128134748@N04/15804431195/) on Flickr. License: CC BY-NC-SA.","image-alt":"A cluster of old houses on a tombolo."}}
