{
  "title":"Problem Set 7",
  "description": "Problem set on the generate and test technique, backtracking mechanisms, linguistically implicit search, continuations, continuations as non-local exits, continuations for backtracking, continuations and dynamic contexts, dynamic contexts and within-continuation, AMB, depth-first and breadth-first, and less deterministic non-determinism.",
  "file": "/courses/6-945-adventures-in-advanced-symbolic-programming-spring-2009/f220cc750a98b7151352bab752b86d0e_assn07.txt",
  "learning_resource_types": ["Assignments"],
  "resource_type": "Other",
  "file_type": "text/plain"}
