{"0edcd58f-8d77-2ab8-f730-9edbec0e1ff4":"/resources/q2_soln/data.json","161a8e04-5a71-ebc0-16ca-76a848f7b546":"/resources/ch7_mach3/data.json","1763beb5-fe1d-6cec-c586-e589bf7c9047":"/pages/lecture-notes/data.json","1b6ddd1a-e9c8-fbc1-de1d-850513b1f20f":"/resources/ch11_logicprog/data.json","24711fda-89f8-238f-668f-939c02f20bfa":"/resources/ch3_csp_games1/data.json","2a55b0b6-ea16-66d9-7876-cf19013ca22e":"/resources/ch6_mach2/data.json","31e4f808-4ac4-2d00-0270-abad4fda0609":"/resources/ch3_csp_games2/data.json","3f562d69-6edc-3c69-1bcc-6e5d039289b9":"/resources/quiz2_review_sol/data.json","420c10cd-e013-37f3-f432-fc357e9a03ea":"/pages/readings/data.json","47b8b274-84ef-d3de-912c-4169d16c0c78":"/resources/ch1_intro/data.json","50752a12-cf13-4dc5-da9b-88c6b18e0a50":"/resources/ch2_search2/data.json","5a5d41ce-d868-59fa-d166-b8b94fcf0805":"/resources/ch9_logic1b/data.json","64bb7195-b0c4-ee52-8fbf-dadf90a6a661":"/pages/projects/data.json","65d10adb-0ef1-c412-ef8e-d288621c5255":"/resources/chp_decisiontree/data.json","68f31dd8-4178-fd5c-4378-3c87fe6cc7d0":"/resources/learningatglance/data.json","6e11bcbf-0fd9-d27d-0179-028e14325896":"/resources/q1_soln/data.json","70b3fa98-b2f4-403d-566c-bdd3b57bfbfb":"/resources/ch4_learnintro/data.json","71d32ffe-7856-bebc-6715-894645dd0589":"/resources/ch2_search3/data.json","77dd70db-fa73-364f-6fe3-89f0cadbb45b":"/resources/ch9_logic1a/data.json","7892c198-a757-0f8e-36ff-4f5fb1f2a4a1":"/resources/ch5_mach1/data.json","82eb9b69-4f68-a078-51ff-44bad96e7ada":"/resources/ch2_search1/data.json","836662ef-d1ab-239a-833b-be20c7caca9d":"/resources/ch8_mach4/data.json","86706b88-7a18-aeeb-8bfd-e15abf7cfc61":"/pages/related-resources/data.json","91a3f4c8-6e97-e19d-e2dd-7c188bd01736":"/resources/ch10_logic2b/data.json","a5c1e4ff-a283-0dd0-f2c0-491b11004d1d":"/resources/searchataglance/data.json","be702753-a1f6-d27c-559b-806ea4595e6d":"/resources/ch10_logic2a/data.json","c5a0d95e-cd7e-9c41-7b95-85ab20984010":"/resources/ch12_language1/data.json","ccd7d373-5cbb-dbae-3998-75f1054ed392":"/pages/exams/data.json","d2c3eaaa-2191-58de-9328-dd9f3d5ef2e0":"/pages/calendar/data.json","d3f3f3fd-384e-92eb-f9c7-2fcf7483e774":"/pages/syllabus/data.json","d5023f7c-c3b1-4269-f895-47b12d2089a6":"/resources/qmr/data.json","d5a54398-640c-874e-0aca-cfa9c9365bbf":"/resources/anemias_tutoring/data.json","d890e019-4e10-4bc7-04c4-d5b815b0e118":"/resources/quiz1_review/data.json","db08059c-e391-a2e8-ca7a-c0ee10517349":"/resources/ch12_language2/data.json","df8cc3f4-9944-540b-0283-ac567fff3ca9":"/resources/quiz2_review/data.json","e1d475ff-9509-86d1-74e2-67143ca44f6c":"/resources/hst-947s05-th/data.json","e3559922-e798-fa9b-75ed-c8f7daf0bd52":"/resources/risk_cardiology/data.json","ee5f13f0-7e6d-ad1f-87eb-97d55a24c21a":"/resources/quiz1_review_sol/data.json","f70ee0f1-c536-2585-1ffc-57f215cc120c":"/resources/hst-947s05/data.json","f9038d66-055b-c107-1709-8b722872b9d7":"/pages/study-materials/data.json"}