{
  "course_title":"Medical Artificial Intelligence",
  "course_description":"This course provides an intensive introduction to artificial intelligence and its applications to problems of medical diagnosis, therapy selection, and monitoring and learning from databases. It meets with lectures and recitations of 6.034 Artificial Intelligence, whose material is supplemented by additional medical-specific readings in a weekly discussion session. Students are responsible for completing all homework assignments in 6.034 and for additional problems and/or papers.\n",
  "course_description_html":"This course provides an intensive introduction to artificial intelligence and its applications to problems of medical diagnosis, therapy selection, and monitoring and learning from databases. It meets with lectures and recitations of 6.034 Artificial Intelligence, whose material is supplemented by additional medical-specific readings in a weekly discussion session. Students are responsible for completing all homework assignments in 6.034 and for additional problems and/or papers.",
  "site_uid":"5c92f482-583b-40e4-b32c-86a5c3d6226a",
  "legacy_uid":"ae7e7bef-1e09-8fa0-6d1c-138ea909eeba","instructors": [{
    "first_name":"Lucila",
    "last_name":"Ohno-Machado",
    "middle_initial":"",
    "salutation":"Prof.",
    "title":"Prof. Lucila Ohno-Machado"},{
    "first_name":"Peter",
    "last_name":"Szolovits",
    "middle_initial":"",
    "salutation":"Prof.",
    "title":"Prof. Peter Szolovits"}],"department_numbers":["HST"],
  "learning_resource_types":["Lecture Notes"],
  "topics":[["Engineering","Computer Science","Artificial Intelligence"],["Engineering","Biological Engineering","Biotechnology"],["Health and Medicine","Biomedicine"]],
  "mit_learn_topics":null,
  "primary_course_number":"HST.947",
  "extra_course_numbers":"",
  "term":"Spring",
  "year":"2005",
  "level":["Graduate"],
  "hide_download":null,
  "image_src":"./static_resources/f70ee0f1c53625851ffc57f215cc120c_hst-947s05.jpg",
  "course_image_metadata":{"content_type":"resource","description":"For their term project, several students explored knowledge acquisition and maintenance principles by reconstructing the popular QMR/Internist I diagnostic consultant tool for general internal medicine. (Courtesy of Jaime Chang, Mark Meyer, and Manu Sondhi. Used with permission.)","draft":false,"file":"/courses/hst-947-medical-artificial-intelligence-spring-2005/f70ee0f1c53625851ffc57f215cc120c_hst-947s05.jpg","file_size":78452,"file_type":"image/jpeg","image_metadata":{"caption":"For their term project, several students explored knowledge acquisition and maintenance principles by reconstructing the popular QMR/Internist I diagnostic consultant tool for general internal medicine. (Courtesy of Jaime Chang, Mark Meyer, and Manu Sondhi. Used with permission.)","credit":"","image-alt":"A screenshot of a computer medical diagnotic tool."},"iscjklanguage":false,"learning_resource_types":[],"license":"https://creativecommons.org/licenses/by-nc-sa/4.0/","ocw_type":"OCWImage","resourcetype":"Image","title":"hst-947s05.jpg","uid":"f70ee0f1-c536-2585-1ffc-57f215cc120c"}}

