{
  "title":"Student Project (thumbnail)",
  "description": "Cropped image from a student project. (Image courtesy of Joan Morris-DiMico, Carla Gomez, Roger Sipitakiat, and Luke Ouko.)\r\ndiscord@zenjah.com",
  "file": "/courses/mas-964-common-sense-reasoning-for-interactive-applications-fall-2002/fc83419a923024fe22e9d22b9ab8153e_mas-964f02-th.jpg",
  "learning_resource_types": [],
  "resource_type": "Image",
  "file_type": "image/jpeg",
  "image_metadata": {"caption":"Image from a student project. (Image courtesy of Joan Morris-DiMico, Carla Gomez, Roger Sipitakiat, and Luke Ouko.)","credit":"","image-alt":"Image of a computer screen from a student project showing four different activities at once."}}
