{
  "title":"anemias_tutoring.pdf",
  "description": "This resource includes a sample of final term paper submitted by the student on the topic: Potential Use of a Causal Bayesian Network to Support Both Clinical and Pathophysiology Tutoring in an Intelligent Tutoring System for Anemias.",
  "file": "/courses/hst-947-medical-artificial-intelligence-spring-2005/d5a54398640c874e0acacfa9c9365bbf_anemias_tutoring.pdf",
  "learning_resource_types": ["Projects"],
  "resource_type": "Document",
  "file_type": "application/pdf"}
