<?xml version="1.0" encoding="utf-8" standalone="yes"?>
<rss version="2.0" xmlns:atom="http://www.w3.org/2005/Atom">
  <channel>
    <title>Projects on MIT OpenCourseWare</title>
    <link>/resources/projects/</link>
    <description>Recent content in Projects on MIT OpenCourseWare</description>
    <generator>Hugo</generator>
    <language>en-us</language>
    <atom:link href="/resources/projects/index.xml" rel="self" type="application/rss+xml" />
    <item>
      <title>Final Project</title>
      <link>/pages/final-project/data.json</link>
      <pubDate>Mon, 01 Jan 0001 00:00:00 +0000</pubDate>
      <guid>/pages/final-project/data.json</guid>
      <description></description>
    </item>
    <item>
      <title>Slide example</title>
      <link>/resources/mit6_803s19_slide_example/data.json</link>
      <pubDate>Mon, 01 Jan 0001 00:00:00 +0000</pubDate>
      <guid>/resources/mit6_803s19_slide_example/data.json</guid>
      <description></description>
    </item>
  </channel>
</rss>
