{
  "title":"Problem Set 7: Supporting Files",
  "description": "Supporting files for a problem set on the generate and test technique, backtracking mechanisms, linguistically implicit search, continuations, continuations as non-local exits, continuations for backtracking, continuations and dynamic contexts, dynamic contexts and within-continuation, AMB, depth-first and breadth-first, and less deterministic non-determinism.",
  "file": "/courses/6-945-adventures-in-advanced-symbolic-programming-spring-2009/c9d34f99ed3241486b39216c8f0fe5be_assn07.zip",
  "learning_resource_types": ["Assignments"],
  "resource_type": "Other",
  "file_type": "application/zip"}
