<?xml version="1.0" encoding="utf-8" standalone="yes"?>
<rss version="2.0" xmlns:atom="http://www.w3.org/2005/Atom">
  <channel>
    <title>Exams on MIT OpenCourseWare</title>
    <link>/resources/exams/</link>
    <description>Recent content in Exams on MIT OpenCourseWare</description>
    <generator>Hugo</generator>
    <language>en-us</language>
    <atom:link href="/resources/exams/index.xml" rel="self" type="application/rss+xml" />
    <item>
      <title>Exams</title>
      <link>/pages/exams/data.json</link>
      <pubDate>Mon, 01 Jan 0001 00:00:00 +0000</pubDate>
      <guid>/pages/exams/data.json</guid>
      <description>&lt;p&gt;Exams for HST.947 are shared with 6.034.&lt;/p&gt;&#xA;&lt;p&gt;&lt;table&gt;&#xA;&#xA;&lt;thead&gt;&#xA;&#xA;&lt;tr&gt;&#xA;&#xA;&lt;th&gt;&#xA;&#xA;QUIZZES&#xA;&lt;/th&gt;&#xA;&#xA;&lt;th&gt;&#xA;&#xA;SOLUTIONS&#xA;&lt;/th&gt;&#xA;&lt;/p&gt;&#xA;&lt;/tr&gt;&#xA;&#xA;&lt;p&gt;&lt;/thead&gt;&#xA;&#xA;&lt;tr&gt;&#xA;&#xA;&lt;td&gt;&#xA;&#xA;Quiz 1 Review (&lt;a href=&#34;../../resources/quiz1_review/index.html&#34;&gt;PDF&lt;/a&gt;)&#xA;&lt;/td&gt;&#xA;&#xA;&lt;td&gt;&#xA;&lt;/p&gt;&#xA;&lt;p&gt;Quiz 1 Review Solutions (&lt;a href=&#34;../../resources/quiz1_review_sol/index.html&#34;&gt;PDF&lt;/a&gt;)&lt;/p&gt;&#xA;&lt;p&gt;Quiz 1 Solutions (&lt;a href=&#34;../../resources/q1_soln/index.html&#34;&gt;PDF&lt;/a&gt;)&lt;/p&gt;&#xA;&lt;/td&gt;&#xA;&#xA;&lt;p&gt;&lt;/tr&gt;&#xA;&#xA;&lt;tr&gt;&#xA;&#xA;&lt;td&gt;&#xA;&#xA;Quiz 2 Review (&lt;a href=&#34;../../resources/quiz2_review/index.html&#34;&gt;PDF&lt;/a&gt;)&#xA;&lt;/td&gt;&#xA;&#xA;&lt;td&gt;&#xA;&lt;/p&gt;&#xA;&lt;p&gt;Quiz 2 Review Solutions (&lt;a href=&#34;../../resources/quiz2_review_sol/index.html&#34;&gt;PDF&lt;/a&gt;)&lt;/p&gt;&#xA;&lt;p&gt;Quiz 2 Solutions (&lt;a href=&#34;../../resources/q2_soln/index.html&#34;&gt;PDF&lt;/a&gt;)&lt;/p&gt;&#xA;&lt;/td&gt;&#xA;&#xA;&lt;/tr&gt;&#xA;&#xA;&lt;/table&gt;</description>
    </item>
    <item>
      <title>q1_soln.pdf</title>
      <link>/resources/q1_soln/data.json</link>
      <pubDate>Mon, 01 Jan 0001 00:00:00 +0000</pubDate>
      <guid>/resources/q1_soln/data.json</guid>
      <description>&lt;p&gt;This resource provides 5 questions for quiz 1 along with their grading points.&lt;/p&gt;</description>
    </item>
    <item>
      <title>q2_soln.pdf</title>
      <link>/resources/q2_soln/data.json</link>
      <pubDate>Mon, 01 Jan 0001 00:00:00 +0000</pubDate>
      <guid>/resources/q2_soln/data.json</guid>
      <description>&lt;p&gt;This resource provides 9 questions for quiz 2 along with their grading points.&lt;/p&gt;</description>
    </item>
    <item>
      <title>quiz1_review_sol.pdf</title>
      <link>/resources/quiz1_review_sol/data.json</link>
      <pubDate>Mon, 01 Jan 0001 00:00:00 +0000</pubDate>
      <guid>/resources/quiz1_review_sol/data.json</guid>
      <description>&lt;p&gt;This resource provides solutions to the reviews of quiz 1 questions along with their grading points.&lt;/p&gt;</description>
    </item>
    <item>
      <title>quiz1_review.pdf</title>
      <link>/resources/quiz1_review/data.json</link>
      <pubDate>Mon, 01 Jan 0001 00:00:00 +0000</pubDate>
      <guid>/resources/quiz1_review/data.json</guid>
      <description>&lt;p&gt;This resource reviews the quiz 1 questions along with their grading points.&lt;/p&gt;</description>
    </item>
    <item>
      <title>quiz2_review_sol.pdf</title>
      <link>/resources/quiz2_review_sol/data.json</link>
      <pubDate>Mon, 01 Jan 0001 00:00:00 +0000</pubDate>
      <guid>/resources/quiz2_review_sol/data.json</guid>
      <description>&lt;p&gt;This resource provides solutions to the reviews of quiz 2 questions along with their grading points.&lt;/p&gt;</description>
    </item>
    <item>
      <title>quiz2_review.pdf</title>
      <link>/resources/quiz2_review/data.json</link>
      <pubDate>Mon, 01 Jan 0001 00:00:00 +0000</pubDate>
      <guid>/resources/quiz2_review/data.json</guid>
      <description>&lt;p&gt;This resource reviews the quiz 2 questions along with their grading points.&lt;/p&gt;</description>
    </item>
  </channel>
</rss>
