{
  "title":"Problem Set 5",
  "description": "Problem set on pattern matching and instantiation, a language of patterns, design of the matcher, using match combinators, the quasiquote mechanism built into Scheme, choice operators, naming, and anonymity.",
  "file": "/courses/6-945-adventures-in-advanced-symbolic-programming-spring-2009/c50f129050afc4c64904c939f9b9e364_MIT6_945s09_assn05.pdf",
  "learning_resource_types": ["Assignments"],
  "resource_type": "Document",
  "file_type": "application/pdf"}
