<?xml version="1.0" encoding="utf-8" standalone="yes"?>
<rss version="2.0" xmlns:atom="http://www.w3.org/2005/Atom">
  <channel>
    <title>Other Video on MIT OpenCourseWare</title>
    <link>/resources/other-video/</link>
    <description>Recent content in Other Video on MIT OpenCourseWare</description>
    <generator>Hugo</generator>
    <language>en-us</language>
    <atom:link href="/resources/other-video/index.xml" rel="self" type="application/rss+xml" />
    <item>
      <title>Ethics of AI Bias (full video)</title>
      <link>/resources/3631_ethics_of_ai_bias_finale_03/data.json</link>
      <pubDate>Mon, 01 Jan 0001 00:00:00 +0000</pubDate>
      <guid>/resources/3631_ethics_of_ai_bias_finale_03/data.json</guid>
      <description>&lt;p&gt;This video aims to delve into the human problems brought out by issues in artificial intelligence, specifically with respect to bias. It is suitable for classroom use or as a standalone video for those who wish to understand the issue more deeply than is conventionally covered. For classroom use, we recommend watching the video (ideally more than once) with book in hand and discussing the issues raised in class.&lt;/p&gt;</description>
    </item>
    <item>
      <title>Ethics_of_AI_Bias_clip1.mp4</title>
      <link>/resources/ethics_of_ai_bias_clip1_mp4/data.json</link>
      <pubDate>Mon, 01 Jan 0001 00:00:00 +0000</pubDate>
      <guid>/resources/ethics_of_ai_bias_clip1_mp4/data.json</guid>
      <description>&lt;p&gt;This video presents the first chapter in a dramatized discussion of the problem of bias in AI.&lt;/p&gt;</description>
    </item>
    <item>
      <title>Ethics_of_AI_Bias_clip2.mp4</title>
      <link>/resources/ethics_of_ai_bias_clip2_mp4/data.json</link>
      <pubDate>Mon, 01 Jan 0001 00:00:00 +0000</pubDate>
      <guid>/resources/ethics_of_ai_bias_clip2_mp4/data.json</guid>
      <description>&lt;p&gt;This video presents the second chapter in a dramatized discussion of the problem of bias in AI.&lt;/p&gt;</description>
    </item>
    <item>
      <title>Ethics_of_AI_Bias_clip3.mp4</title>
      <link>/resources/ethics_of_ai_bias_clip3_mp4/data.json</link>
      <pubDate>Mon, 01 Jan 0001 00:00:00 +0000</pubDate>
      <guid>/resources/ethics_of_ai_bias_clip3_mp4/data.json</guid>
      <description>&lt;p&gt;This video presents the third chapter in a dramatized discussion of the problem of bias in AI.&lt;/p&gt;</description>
    </item>
    <item>
      <title>Ethics_of_AI_Bias_clip4.mp4</title>
      <link>/resources/ethics_of_ai_bias_clip4_mp4/data.json</link>
      <pubDate>Mon, 01 Jan 0001 00:00:00 +0000</pubDate>
      <guid>/resources/ethics_of_ai_bias_clip4_mp4/data.json</guid>
      <description>&lt;p&gt;This video presents the fourth chapter in a dramatized discussion of the problem of bias in AI.&lt;/p&gt;</description>
    </item>
    <item>
      <title>Ethics_of_AI_Bias_clip5.mp4</title>
      <link>/resources/ethics_of_ai_bias_clip5_mp4/data.json</link>
      <pubDate>Mon, 01 Jan 0001 00:00:00 +0000</pubDate>
      <guid>/resources/ethics_of_ai_bias_clip5_mp4/data.json</guid>
      <description>&lt;p&gt;This video presents the fifth chapter in a dramatized discussion of the problem of bias in AI.&lt;/p&gt;</description>
    </item>
  </channel>
</rss>
