<?xml version="1.0" encoding="utf-8" standalone="yes"?>
<rss version="2.0" xmlns:atom="http://www.w3.org/2005/Atom">
  <channel>
    <title>Lecture Notes on MIT OpenCourseWare</title>
    <link>/resources/lecture-notes/</link>
    <description>Recent content in Lecture Notes on MIT OpenCourseWare</description>
    <generator>Hugo</generator>
    <language>en-us</language>
    <atom:link href="/resources/lecture-notes/index.xml" rel="self" type="application/rss+xml" />
    <item>
      <title>ch1_intro.pdf</title>
      <link>/resources/ch1_intro/data.json</link>
      <pubDate>Mon, 01 Jan 0001 00:00:00 +0000</pubDate>
      <guid>/resources/ch1_intro/data.json</guid>
      <description>&lt;p&gt;This resource contains lecture slides and accompanying transcripts for chapter 1. The transcripts allow students to review lecture material in detail as they study for upcoming assignments and quizzes.&lt;/p&gt;</description>
    </item>
    <item>
      <title>ch10_logic2a.pdf</title>
      <link>/resources/ch10_logic2a/data.json</link>
      <pubDate>Mon, 01 Jan 0001 00:00:00 +0000</pubDate>
      <guid>/resources/ch10_logic2a/data.json</guid>
      <description>&lt;p&gt;This resource contains lecture slides and accompanying transcripts for chapter 10. The transcripts allow students to review lecture material in detail as they study for upcoming assignments and quizzes.&lt;/p&gt;</description>
    </item>
    <item>
      <title>ch10_logic2b.pdf</title>
      <link>/resources/ch10_logic2b/data.json</link>
      <pubDate>Mon, 01 Jan 0001 00:00:00 +0000</pubDate>
      <guid>/resources/ch10_logic2b/data.json</guid>
      <description>&lt;p&gt;This resource contains lecture slides and accompanying transcripts for chapter 10. The transcripts allow students to review lecture material in detail as they study for upcoming assignments and quizzes.&lt;/p&gt;</description>
    </item>
    <item>
      <title>ch11_logicprog.pdf</title>
      <link>/resources/ch11_logicprog/data.json</link>
      <pubDate>Mon, 01 Jan 0001 00:00:00 +0000</pubDate>
      <guid>/resources/ch11_logicprog/data.json</guid>
      <description>&lt;p&gt;This resource contains lecture slides and accompanying transcripts for chapter 11. The transcripts allow students to review lecture material in detail as they study for upcoming assignments and quizzes.&lt;/p&gt;</description>
    </item>
    <item>
      <title>ch12_language1.pdf</title>
      <link>/resources/ch12_language1/data.json</link>
      <pubDate>Mon, 01 Jan 0001 00:00:00 +0000</pubDate>
      <guid>/resources/ch12_language1/data.json</guid>
      <description>&lt;p&gt;This resource contains lecture slides and accompanying transcripts for chapter 12. The transcripts allow students to review lecture material in detail as they study for upcoming assignments and quizzes.&lt;/p&gt;</description>
    </item>
    <item>
      <title>ch12_language2.pdf</title>
      <link>/resources/ch12_language2/data.json</link>
      <pubDate>Mon, 01 Jan 0001 00:00:00 +0000</pubDate>
      <guid>/resources/ch12_language2/data.json</guid>
      <description>&lt;p&gt;This resource contains lecture slides and accompanying transcripts for chapter 12. The transcripts allow students to review lecture material in detail as they study for upcoming assignments and quizzes.&lt;/p&gt;</description>
    </item>
    <item>
      <title>ch2_search1.pdf</title>
      <link>/resources/ch2_search1/data.json</link>
      <pubDate>Mon, 01 Jan 0001 00:00:00 +0000</pubDate>
      <guid>/resources/ch2_search1/data.json</guid>
      <description>&lt;p&gt;This resource contains lecture slides and accompanying transcripts for chapter 2. The transcripts allow students to review lecture material in detail as they study for upcoming assignments and quizzes.&lt;/p&gt;</description>
    </item>
    <item>
      <title>ch2_search2.pdf</title>
      <link>/resources/ch2_search2/data.json</link>
      <pubDate>Mon, 01 Jan 0001 00:00:00 +0000</pubDate>
      <guid>/resources/ch2_search2/data.json</guid>
      <description>&lt;p&gt;This resource contains lecture slides and accompanying transcripts for chapter 2. The transcripts allow students to review lecture material in detail as they study for upcoming assignments and quizzes.&lt;/p&gt;</description>
    </item>
    <item>
      <title>ch2_search3.pdf</title>
      <link>/resources/ch2_search3/data.json</link>
      <pubDate>Mon, 01 Jan 0001 00:00:00 +0000</pubDate>
      <guid>/resources/ch2_search3/data.json</guid>
      <description>&lt;p&gt;This resource contains lecture slides and accompanying transcripts for chapter 2. The transcripts allow students to review lecture material in detail as they study for upcoming assignments and quizzes.&lt;/p&gt;</description>
    </item>
    <item>
      <title>ch3_csp_games1.pdf</title>
      <link>/resources/ch3_csp_games1/data.json</link>
      <pubDate>Mon, 01 Jan 0001 00:00:00 +0000</pubDate>
      <guid>/resources/ch3_csp_games1/data.json</guid>
      <description>&lt;p&gt;This resource contains lecture slides and accompanying transcripts for chapter 3. The transcripts allow students to review lecture material in detail as they study for upcoming assignments and quizzes.&lt;/p&gt;</description>
    </item>
    <item>
      <title>ch3_csp_games2.pdf</title>
      <link>/resources/ch3_csp_games2/data.json</link>
      <pubDate>Mon, 01 Jan 0001 00:00:00 +0000</pubDate>
      <guid>/resources/ch3_csp_games2/data.json</guid>
      <description>&lt;p&gt;This resource contains lecture slides and accompanying transcripts for chapter 3. The transcripts allow students to review lecture material in detail as they study for upcoming assignments and quizzes.&lt;/p&gt;</description>
    </item>
    <item>
      <title>ch4_learnintro.pdf</title>
      <link>/resources/ch4_learnintro/data.json</link>
      <pubDate>Mon, 01 Jan 0001 00:00:00 +0000</pubDate>
      <guid>/resources/ch4_learnintro/data.json</guid>
      <description>&lt;p&gt;This resource contains lecture slides and accompanying transcripts for chapter 4. The transcripts allow students to review lecture material in detail as they study for upcoming assignments and quizzes.&lt;/p&gt;</description>
    </item>
    <item>
      <title>ch5_mach1.pdf</title>
      <link>/resources/ch5_mach1/data.json</link>
      <pubDate>Mon, 01 Jan 0001 00:00:00 +0000</pubDate>
      <guid>/resources/ch5_mach1/data.json</guid>
      <description>&lt;p&gt;This resource contains lecture slides and accompanying transcripts for chapter 5. The transcripts allow students to review lecture material in detail as they study for upcoming assignments and quizzes.&lt;/p&gt;</description>
    </item>
    <item>
      <title>ch6_mach2.pdf</title>
      <link>/resources/ch6_mach2/data.json</link>
      <pubDate>Mon, 01 Jan 0001 00:00:00 +0000</pubDate>
      <guid>/resources/ch6_mach2/data.json</guid>
      <description>&lt;p&gt;This resource contains lecture slides and accompanying transcripts for chapter 6. The transcripts allow students to review lecture material in detail as they study for upcoming assignments and quizzes.&lt;/p&gt;</description>
    </item>
    <item>
      <title>ch7_mach3.pdf</title>
      <link>/resources/ch7_mach3/data.json</link>
      <pubDate>Mon, 01 Jan 0001 00:00:00 +0000</pubDate>
      <guid>/resources/ch7_mach3/data.json</guid>
      <description>&lt;p&gt;This resource contains lecture slides and accompanying transcripts for chapter 7. The transcripts allow students to review lecture material in detail as they study for upcoming assignments and quizzes.&lt;/p&gt;</description>
    </item>
    <item>
      <title>ch8_mach4.pdf</title>
      <link>/resources/ch8_mach4/data.json</link>
      <pubDate>Mon, 01 Jan 0001 00:00:00 +0000</pubDate>
      <guid>/resources/ch8_mach4/data.json</guid>
      <description>&lt;p&gt;This resource contains lecture slides and accompanying transcripts for chapter 8. The transcripts allow students to review lecture material in detail as they study for upcoming assignments and quizzes.&lt;/p&gt;</description>
    </item>
    <item>
      <title>ch9_logic1a.pdf</title>
      <link>/resources/ch9_logic1a/data.json</link>
      <pubDate>Mon, 01 Jan 0001 00:00:00 +0000</pubDate>
      <guid>/resources/ch9_logic1a/data.json</guid>
      <description>&lt;p&gt;This resource contains lecture slides and accompanying transcripts for chapter 9. The transcripts allow students to review lecture material in detail as they study for upcoming assignments and quizzes.&lt;/p&gt;</description>
    </item>
    <item>
      <title>ch9_logic1b.pdf</title>
      <link>/resources/ch9_logic1b/data.json</link>
      <pubDate>Mon, 01 Jan 0001 00:00:00 +0000</pubDate>
      <guid>/resources/ch9_logic1b/data.json</guid>
      <description>&lt;p&gt;This resource contains lecture slides and accompanying transcripts for chapter 9. The transcripts allow students to review lecture material in detail as they study for upcoming assignments and quizzes.&lt;/p&gt;</description>
    </item>
    <item>
      <title>Lecture Notes</title>
      <link>/pages/lecture-notes/data.json</link>
      <pubDate>Mon, 01 Jan 0001 00:00:00 +0000</pubDate>
      <guid>/pages/lecture-notes/data.json</guid>
      <description>&lt;p&gt;Lectures for HST.947 are shared with 6.034.&lt;/p&gt;&#xA;&lt;p&gt;This section contains a complete set of lecture notes for the course. The notes contain lecture slides and accompanying transcripts. The transcripts allow students to review lecture material in detail as they study for upcoming assignments and quizzes.&lt;/p&gt;&#xA;&lt;p&gt;Chapter 1: Introduction (&lt;a href=&#34;../../resources/ch1_intro/index.html&#34;&gt;PDF - 2.4 MB&lt;/a&gt;)&lt;/p&gt;&#xA;&lt;p&gt;Chapter 2: Search (&lt;a href=&#34;../../resources/ch2_search1/index.html&#34;&gt;PDF 1 of 3 - 2.6 MB&lt;/a&gt;) (&lt;a href=&#34;../../resources/ch2_search2/index.html&#34;&gt;PDF 2 of 3 - 1.9 MB&lt;/a&gt;) (&lt;a href=&#34;../../resources/ch2_search3/index.html&#34;&gt;PDF 3 of 3 - 2.4 MB&lt;/a&gt;)&lt;/p&gt;</description>
    </item>
  </channel>
</rss>
