{
  "title":"6-803s19-th.jpg",
  "description": "",
  "file": "/courses/6-803-the-human-intelligence-enterprise-spring-2019/0651461f6ff86923a3b914b5bd8165cc_6-803s19-th.jpg",
  "learning_resource_types": [],
  "resource_type": "Image",
  "file_type": "image/jpeg",
  "image_metadata": {"caption":"Michelangelo's famous fresco of God's Creation of Adam, on the ceiling of the Sistine Chapel in Rome. (Public domain image.)","credit":"Public domain","image-alt":" A painting of a bearded man (God) touching the hand of a naked man (Adam)."}}
