{
  "title":"6-803s19.jpg",
  "description": "",
  "file": "/courses/6-803-the-human-intelligence-enterprise-spring-2019/b9da7816a378c9ab58fffde8acdf9639_6-803s19.jpg",
  "learning_resource_types": [],
  "resource_type": "Image",
  "file_type": "image/jpeg",
  "image_metadata": {"caption":"Michelangelo's famous fresco of God's Creation of Adam, on the ceiling of the Sistine Chapel in Rome. (Public domain image.)","credit":"","image-alt":" A painting of a bearded man (God) touching the hand of a naked man (Adam)."}}
