{
  "title":"Problem Set 3: Supporting Files",
  "description": "Supporting file for a problem set on an evaluator system for an extended version of Scheme, using the generic interpreter, unbound-variable handling, strict and non-strict arguments, and streams. (The ZIP file contains 10 .scm files.)",
  "file": "/courses/6-945-adventures-in-advanced-symbolic-programming-spring-2009/ecc8013921862ecbfd89337cd887e59d_assn03.zip",
  "learning_resource_types": ["Assignments"],
  "resource_type": "Other",
  "file_type": "application/zip"}
