<?xml version="1.0" encoding="utf-8" standalone="yes"?>
<rss version="2.0" xmlns:atom="http://www.w3.org/2005/Atom">
  <channel>
    <title>Readings on MIT OpenCourseWare</title>
    <link>/resources/readings/</link>
    <description>Recent content in Readings on MIT OpenCourseWare</description>
    <generator>Hugo</generator>
    <language>en-us</language>
    <atom:link href="/resources/readings/index.xml" rel="self" type="application/rss+xml" />
    <item>
      <title>Building Robust Systems:  an essay</title>
      <link>/resources/mit6_945s09_read01_robust/data.json</link>
      <pubDate>Mon, 01 Jan 0001 00:00:00 +0000</pubDate>
      <guid>/resources/mit6_945s09_read01_robust/data.json</guid>
      <description>&lt;p&gt;An essay on building robust systems provided for a reading assignment.&lt;/p&gt;</description>
    </item>
    <item>
      <title>Readings</title>
      <link>/pages/readings/data.json</link>
      <pubDate>Mon, 01 Jan 0001 00:00:00 +0000</pubDate>
      <guid>/pages/readings/data.json</guid>
      <description>&lt;h3 id=&#34;assigned-readings&#34;&gt;Assigned Readings&lt;/h3&gt;&#xA;&#xA;&lt;p&gt;Readings will be chosen from the following list. Specific readings are assigned in each of the problem sets.&lt;/p&gt;&#xA;&lt;p&gt;&lt;table&gt;&#xA;&lt;thead&gt;&#xA;&lt;tr&gt;&#xA;&lt;th&gt;&#xA;&#xA;INITIALS&#xA;&lt;/th&gt;&#xA;&lt;th&gt;&#xA;&#xA;READINGS&#xA;&lt;/th&gt;&#xA;&lt;/tr&gt;&#xA;&lt;/thead&gt;&#xA;&lt;tbody&gt;&#xA;&lt;tr&gt;&#xA;&lt;td&gt;&#xA;&#xA;[SICP]&#xA;&lt;/td&gt;&#xA;&lt;td&gt;&#xA;&lt;/p&gt;&#xA;&lt;p&gt;&lt;a href=&#34;https://mitpress.mit.edu/9780262011532&#34; target=&#34;_blank&#34; rel=&#34;noopener&#34;&gt;&lt;img src=&#34;../../images/mp_logo.gif&#34; alt=&#34;Buy at MIT Press&#34;&gt;&lt;/a&gt; Abelson, Harold, Gerald Jay Sussman, and Julie Sussman. &lt;a href=&#34;https://mitpress.mit.edu/9780262011532&#34; target=&#34;_blank&#34; rel=&#34;noopener&#34;&gt;&lt;em&gt;Structure and Interpretation of Computer Programs&lt;/em&gt;&lt;/a&gt;. 2nd ed. Cambridge, MA: MIT Press, 1996. ISBN: 9780262011532.&lt;/p&gt;&#xA;&lt;p&gt;The full text of SICP is &lt;a href=&#34;https://mitp-content-server.mit.edu/books/content/sectbyfn/books_pres_0/6515/sicp.zip/index.html&#34; target=&#34;_blank&#34; rel=&#34;noopener&#34;&gt;available online&lt;/a&gt; through the MIT Press Web site.&lt;/p&gt;&#xA;&lt;p&gt;&lt;/td&gt;&#xA;&lt;/tr&gt;&#xA;&lt;tr&gt;&#xA;&lt;td&gt;&#xA;&#xA;[R5RS]&#xA;&lt;/td&gt;&#xA;&lt;td&gt;&#xA;&#xA;Kelsey, Richard, et al. &amp;ldquo;Revised Report on the Algorithmic Language Scheme.&amp;rdquo; (&lt;a href=&#34;http://schemers.org/Documents/Standards/R5RS/r5rs.pdf&#34; target=&#34;_blank&#34; rel=&#34;noopener&#34;&gt;PDF&lt;/a&gt;)&#xA;&lt;/td&gt;&#xA;&lt;/tr&gt;&#xA;&lt;tr&gt;&#xA;&lt;td&gt;&#xA;&#xA;[SOS]&#xA;&lt;/td&gt;&#xA;&lt;td&gt;&#xA;&#xA;Hanson, Chris. &amp;ldquo;The SOS [Scheme Object System] Reference Manual.&amp;rdquo; (&lt;a href=&#34;https://www.gnu.org/software/mit-scheme/documentation/stable/mit-scheme-sos.pdf&#34; target=&#34;_blank&#34; rel=&#34;noopener&#34;&gt;PDF&lt;/a&gt;)&#xA;&lt;/td&gt;&#xA;&lt;/tr&gt;&#xA;&lt;tr&gt;&#xA;&lt;td&gt;&#xA;&#xA;[ART]&#xA;&lt;/td&gt;&#xA;&lt;td&gt;&#xA;&#xA;&lt;a href=&#34;https://mitpress.mit.edu/9780262192880&#34; target=&#34;_blank&#34; rel=&#34;noopener&#34;&gt;&lt;img src=&#34;../../images/mp_logo.gif&#34; alt=&#34;Buy at MIT Press&#34;&gt;&lt;/a&gt; Springer, George, and Daniel Friedman. &lt;a href=&#34;https://mitpress.mit.edu/9780262192880&#34; target=&#34;_blank&#34; rel=&#34;noopener&#34;&gt;&lt;em&gt;Scheme and the Art of Programming&lt;/em&gt;&lt;/a&gt;. Cambridge, MA: MIT Press, 1989. ISBN: 9780262192880.&#xA;&lt;/td&gt;&#xA;&lt;/tr&gt;&#xA;&lt;tr&gt;&#xA;&lt;td&gt;&#xA;&#xA;[RZ]&#xA;&lt;/td&gt;&#xA;&lt;td&gt;&#xA;&#xA;Zippel, Richard. &lt;em&gt;Effective Polynomial Computation&lt;/em&gt;. New York, NY: Springer, 1993. ISBN: 9780792393757.&#xA;&lt;/td&gt;&#xA;&lt;/tr&gt;&#xA;&lt;tr&gt;&#xA;&lt;td&gt;&#xA;&#xA;[AOP]&#xA;&lt;/td&gt;&#xA;&lt;td&gt;&#xA;&#xA;Radul, Alexey, and Gerald Jay Sussman. &amp;ldquo;&lt;a href=&#34;http://hdl.handle.net/1721.1/44215&#34; target=&#34;_blank&#34; rel=&#34;noopener&#34;&gt;The Art of the Propagator&lt;/a&gt;.&amp;rdquo; MIT CSAIL Technical Report, January 2009.&#xA;&lt;/td&gt;&#xA;&lt;/tr&gt;&#xA;&lt;tr&gt;&#xA;&lt;td&gt;&#xA;&#xA;[BPS]&#xA;&lt;/td&gt;&#xA;&lt;td&gt;&#xA;&#xA;&lt;a href=&#34;https://mitpress.mit.edu/9780262061575&#34; target=&#34;_blank&#34; rel=&#34;noopener&#34;&gt;&lt;img src=&#34;../../images/mp_logo.gif&#34; alt=&#34;Buy at MIT Press&#34;&gt;&lt;/a&gt; Forbus, Kenneth, and Johan de Kleer. &lt;a href=&#34;https://mitpress.mit.edu/9780262061575&#34; target=&#34;_blank&#34; rel=&#34;noopener&#34;&gt;&lt;em&gt;Building Problem Solvers&lt;/em&gt;&lt;/a&gt;. Cambridge, MA: MIT Press, 1993. ISBN: 9780262061575.&#xA;&lt;/td&gt;&#xA;&lt;/tr&gt;&#xA;&lt;tr&gt;&#xA;&lt;td&gt;&#xA;&#xA;[CONS]&#xA;&lt;/td&gt;&#xA;&lt;td&gt;&#xA;&#xA;Steele, Guy. &amp;ldquo;&lt;a href=&#34;http://hdl.handle.net/1721.1/6933&#34; target=&#34;_blank&#34; rel=&#34;noopener&#34;&gt;The Definition and Implementation of a Computer Programming Language Based on Constraints&lt;/a&gt;.&amp;rdquo; MIT PhD thesis, 1980.&#xA;&lt;/td&gt;&#xA;&lt;/tr&gt;&#xA;&lt;tr&gt;&#xA;&lt;td&gt;&#xA;&#xA;[LOGIC]&#xA;&lt;/td&gt;&#xA;&lt;td&gt;&#xA;&#xA;Suppes, Patrick. &lt;em&gt;Introduction to Logic&lt;/em&gt;. Mineola, NY: Dover Publications, 1999. ISBN: 9780486406879.&#xA;&lt;/td&gt;&#xA;&lt;/tr&gt;&#xA;&lt;tr&gt;&#xA;&lt;td&gt;&#xA;&#xA;[AMORD]&#xA;&lt;/td&gt;&#xA;&lt;td&gt;&#xA;&#xA;de Kleer, Johan, et al. &amp;ldquo;&lt;a href=&#34;http://hdl.handle.net/1721.1/41983&#34; target=&#34;_blank&#34; rel=&#34;noopener&#34;&gt;AMORD: A Deductive Procedure System&lt;/a&gt;.&amp;rdquo; MIT Artificial Intelligence Laboratory Working Paper 151, August 1977.&#xA;&lt;/td&gt;&#xA;&lt;/tr&gt;&#xA;&lt;tr&gt;&#xA;&lt;td&gt;&#xA;&#xA;[CMMR]&#xA;&lt;/td&gt;&#xA;&lt;td&gt;&#xA;&#xA;Bundy, Alan. &lt;em&gt;The Computer Modelling of Mathematical Reasoning&lt;/em&gt;. Burlington, MA: Academic Press, 1983. ISBN: 9780121412524.&#xA;&lt;/td&gt;&#xA;&lt;/tr&gt;&#xA;&lt;/tbody&gt;&#xA;&lt;/table&gt;&#xA;&lt;/p&gt;</description>
    </item>
    <item>
      <title>The Future is Parallel: What&#39;s a Programmer to Do?</title>
      <link>/resources/mit6_945s09_read02_parallel/data.json</link>
      <pubDate>Mon, 01 Jan 0001 00:00:00 +0000</pubDate>
      <guid>/resources/mit6_945s09_read02_parallel/data.json</guid>
      <description>&lt;p&gt;Assigned reading on parallel computation and parallel programming.&lt;/p&gt;</description>
    </item>
  </channel>
</rss>
