{"0790691e-61d7-2893-415d-4b3625eac7bb":"/pages/lecture-notes/data.json","27f5eff1-f54f-059e-8ab9-e1bc37319a93":"/resources/proj_file1/data.json","533eb5b7-e811-7dd6-56ee-a73c6bdf5016":"/pages/syllabus/data.json","9b26d9e6-646c-3bb0-aad0-db4d8d939740":"/pages/projects/data.json","abcc9a5e-303a-07fb-6d9f-35e65589f840":"/resources/lec_noter_henry_1/data.json","cb2eb940-0c68-baec-e36d-023dd717f361":"/pages/related-resources/data.json","cfda9266-7618-0c17-7325-d2620ba1692d":"/resources/thoughts_part1/data.json","d272274c-d5f7-e5ac-5f1d-806e41420678":"/resources/mas-964f02/data.json","d2fab5f5-4289-79f5-d79d-adfd9095e34d":"/resources/proj_file3/data.json","dde12a13-2d3e-522e-3d58-8da85d10e892":"/resources/lec_noter_henry_2/data.json","dff685d0-2552-dbf7-311f-34bb26291232":"/pages/calendar/data.json","fc83419a-9230-24fe-22e9-d22b9ab8153e":"/resources/mas-964f02-th/data.json"}