{
  "course_title":"Common Sense Reasoning for Interactive Applications",
  "course_description":"This course will explore the state of the art in common sense knowledge, and class projects will design and build interfaces that can exploit this knowledge to make more usable and helpful interfaces.\n\nCourse requirements will consist of critiques of class readings (about 2 papers/week), and a final project (paper or computer implementation project). Grades will be based primarily on the projects, as well as a small component for class and online participation\n",
  "course_description_html":"<p>This course will explore the state of the art in common sense knowledge, and class projects will design and build interfaces that can exploit this knowledge to make more usable and helpful interfaces.</p>\n<p>Course requirements will consist of critiques of class readings (about 2 papers/week), and a final project (paper or computer implementation project). Grades will be based primarily on the projects, as well as a small component for class and online participation</p>\n",
  "site_uid":"497e4d69-d00c-4d86-bc8a-2a601b21982b",
  "legacy_uid":"961c0f53-e27f-d059-a5ba-23c7773cfa5c","instructors": [{
    "first_name":"Henry",
    "last_name":"Lieberman",
    "middle_initial":"",
    "salutation":"Prof.",
    "title":"Prof. Henry Lieberman"}],"department_numbers":["MAS"],
  "learning_resource_types":["Lecture Notes"],
  "topics":[["Engineering","Computer Science","Artificial Intelligence"],["Engineering","Computer Science","Software Design and Engineering"],["Engineering","Computer Science","Human-Computer Interfaces"]],
  "mit_learn_topics":null,
  "primary_course_number":"MAS.964",
  "extra_course_numbers":"",
  "term":"Fall",
  "year":"2002",
  "level":["Graduate"],
  "hide_download":null,
  "image_src":"./static_resources/d272274cd5f7e5ac5f1d806e41420678_mas-964f02.jpg",
  "course_image_metadata":{"content_type":"resource","description":"Image from a student project. (Image courtesy of Joan Morris-DiMico, Carla Gomez, Roger Sipitakiat, and Luke Ouko.)","draft":false,"file":"/courses/mas-964-common-sense-reasoning-for-interactive-applications-fall-2002/d272274cd5f7e5ac5f1d806e41420678_mas-964f02.jpg","file_size":25292,"file_type":"image/jpeg","image_metadata":{"caption":"Image from a student project. (Image courtesy of Joan Morris-DiMico, Carla Gomez, Roger Sipitakiat, and Luke Ouko.)","credit":"","image-alt":"Image of a computer screen from a student project showing four different activities at once."},"iscjklanguage":false,"learning_resource_types":[],"license":"https://creativecommons.org/licenses/by-nc-sa/4.0/","ocw_type":"OCWImage","resourcetype":"Image","title":"Student Project","uid":"d272274c-d5f7-e5ac-5f1d-806e41420678"}}

