<?xml version="1.0" encoding="utf-8" standalone="yes"?>
<rss version="2.0" xmlns:atom="http://www.w3.org/2005/Atom">
  <channel>
    <title>Projects on MIT OpenCourseWare</title>
    <link>/resources/projects/</link>
    <description>Recent content in Projects on MIT OpenCourseWare</description>
    <generator>Hugo</generator>
    <language>en-us</language>
    <atom:link href="/resources/projects/index.xml" rel="self" type="application/rss+xml" />
    <item>
      <title>Acquiring Common Sense Through Simulation</title>
      <link>/resources/proj_file3/data.json</link>
      <pubDate>Mon, 01 Jan 0001 00:00:00 +0000</pubDate>
      <guid>/resources/proj_file3/data.json</guid>
      <description>&lt;p&gt;Example of student work for the course project on simulation as an alternative solution to the problem of commonsense knowledge acquisition.&lt;/p&gt;</description>
    </item>
    <item>
      <title>Projects</title>
      <link>/pages/projects/data.json</link>
      <pubDate>Mon, 01 Jan 0001 00:00:00 +0000</pubDate>
      <guid>/pages/projects/data.json</guid>
      <description>&lt;p&gt;The following are samples of student work.&lt;/p&gt;&#xA;&lt;ul&gt;&#xA;&lt;li&gt;The Common Sense DJ (&lt;a href=&#34;../../resources/proj_file1/index.html&#34;&gt;PDF&lt;/a&gt;)&lt;/li&gt;&#xA;&lt;li&gt;Acquiring Common Sense Through Simulation (&lt;a href=&#34;../../resources/proj_file3/index.html&#34;&gt;PDF&lt;/a&gt;)&lt;/li&gt;&#xA;&lt;/ul&gt;</description>
    </item>
    <item>
      <title>The Common Sense DJ</title>
      <link>/resources/proj_file1/data.json</link>
      <pubDate>Mon, 01 Jan 0001 00:00:00 +0000</pubDate>
      <guid>/resources/proj_file1/data.json</guid>
      <description>&lt;p&gt;Example of student work for the course project on using ThoughtTreasure (TT) as a common sense database to aid in selecting the optimal music for a crowd given certain parameters about the crowd.&lt;/p&gt;</description>
    </item>
  </channel>
</rss>
