{
  "title":"The Common Sense DJ",
  "description": "Example of student work for the course project on using ThoughtTreasure (TT) as a common sense database to aid in selecting the optimal music for a crowd given certain parameters about the crowd.\r\n\r\n",
  "file": "/courses/mas-964-common-sense-reasoning-for-interactive-applications-fall-2002/27f5eff1f54f059e8ab9e1bc37319a93_proj_file1.pdf",
  "learning_resource_types": ["Projects"],
  "resource_type": "Document",
  "file_type": "application/pdf"}
