<USER_MODULE_INFO_DB><USER_MODULE_INFO_LIST><USER_MODULE_INFO NAME="ADCINC12_27" PATH="C:\PROGRAM FILES\CYPRESS MICROSYSTEMS\PSOC DESIGNER\DATA\STDUM\ADCINC12\ADCINC12_27.xml"/><USER_MODULE_INFO NAME="AMUX427" PATH="C:\PROGRAM FILES\CYPRESS MICROSYSTEMS\PSOC DESIGNER\DATA\STDUM\AMUX4\AMUX427.xml"/><USER_MODULE_INFO NAME="AMUX427" PATH="C:\PROGRAM FILES\CYPRESS MICROSYSTEMS\PSOC DESIGNER\DATA\STDUM\AMUX4\AMUX427.xml"/><USER_MODULE_INFO NAME="PWM0827" PATH="C:\PROGRAM FILES\CYPRESS MICROSYSTEMS\PSOC DESIGNER\DATA\STDUM\PWM8\PWM0827.xml"/><USER_MODULE_INFO NAME="PWM0827" PATH="C:\PROGRAM FILES\CYPRESS MICROSYSTEMS\PSOC DESIGNER\DATA\STDUM\PWM8\PWM0827.xml"/><USER_MODULE_INFO NAME="PWM0827" PATH="C:\PROGRAM FILES\CYPRESS MICROSYSTEMS\PSOC DESIGNER\DATA\STDUM\PWM8\PWM0827.xml"/><USER_MODULE_INFO NAME="PWM0827" PATH="C:\PROGRAM FILES\CYPRESS MICROSYSTEMS\PSOC DESIGNER\DATA\STDUM\PWM8\PWM0827.xml"/><USER_MODULE_INFO NAME="RefMux27" PATH="C:\PROGRAM FILES\CYPRESS MICROSYSTEMS\PSOC DESIGNER\DATA\STDUM\REFMUX\RefMux27.xml"/><USER_MODULE_INFO NAME="UART27" PATH="C:\PROGRAM FILES\CYPRESS MICROSYSTEMS\PSOC DESIGNER\DATA\STDUM\UART\UART27.xml"/></USER_MODULE_INFO_LIST><STDDEVICES_INFO_LIST><STDDEVICES_INFO NAME="STDDEVICESBC1" PATH="C:\Program Files\Cypress MicroSystems\PSoC Designer\data\STDDEVICESBC1.xml"/><STDDEVICES_INFO NAME="STDDEVICESBC2" PATH="C:\Program Files\Cypress MicroSystems\PSoC Designer\data\STDDEVICESBC2.xml"/></STDDEVICES_INFO_LIST></USER_MODULE_INFO_DB>
